Date,Open,High,Low,Close,Volume
2016-04-01,17661.740234375,17811.48046875,17568.01953125,17792.75,1048900
2016-04-04,17799.390625,17806.380859375,17710.669921875,17737.0,852300
2016-04-05,17718.029296875,17718.029296875,17579.560546875,17603.3203125,1152300
2016-04-06,17605.44921875,17723.55078125,17542.5390625,17716.05078125,994100
2016-04-07,17687.279296875,17687.279296875,17484.23046875,17541.9609375,901200
2016-04-08,17555.390625,17694.509765625,17528.16015625,17576.9609375,799900
2016-04-11,17586.48046875,17731.630859375,17555.900390625,17556.41015625,1071000
2016-04-12,17571.33984375,17744.4296875,17553.5703125,17721.25,810200
2016-04-13,17741.66015625,17918.349609375,17741.66015625,17908.279296875,917100
2016-04-14,17912.25,17962.140625,17885.439453125,17926.4296875,845100
2016-04-15,17925.94921875,17937.650390625,17867.41015625,17897.4609375,1181600
2016-04-18,17890.19921875,18009.529296875,17848.220703125,18004.16015625,893900
2016-04-19,18012.099609375,18103.4609375,17984.4296875,18053.599609375,898200
2016-04-20,18059.490234375,18167.630859375,18031.2109375,18096.26953125,1002100
2016-04-21,18092.83984375,18107.2890625,17963.890625,17982.51953125,1027200
2016-04-22,17985.05078125,18026.849609375,17909.890625,18003.75,1341200
2016-04-25,17990.939453125,17990.939453125,17855.55078125,17977.240234375,837700
2016-04-26,17987.380859375,18043.76953125,17934.169921875,17990.3203125,925700
2016-04-27,17996.140625,18084.66015625,17920.259765625,18041.55078125,1090900
2016-04-28,18023.880859375,18035.73046875,17796.55078125,17830.759765625,1009200
2016-04-29,17813.08984375,17814.830078125,17651.98046875,17773.640625,1366700
2016-05-02,17783.779296875,17912.349609375,17773.7109375,17891.16015625,801000
2016-05-03,17870.75,17870.75,17670.880859375,17750.91015625,970600
2016-05-04,17735.01953125,17738.060546875,17609.009765625,17651.259765625,950200
2016-05-05,17664.48046875,17736.109375,17615.8203125,17660.7109375,815300
2016-05-06,17650.30078125,17744.5390625,17580.380859375,17740.630859375,800200
2016-05-09,17743.849609375,17783.16015625,17668.380859375,17705.91015625,855900
2016-05-10,17726.66015625,17934.609375,17726.66015625,17928.349609375,757900
2016-05-11,17919.029296875,17919.029296875,17711.05078125,17711.119140625,873900
2016-05-12,17711.119140625,17798.189453125,17625.380859375,17720.5,885600
2016-05-13,17711.119140625,17734.740234375,17512.48046875,17535.3203125,866400
2016-05-16,17531.759765625,17755.80078125,17531.759765625,17710.7109375,884400
2016-05-17,17701.4609375,17701.4609375,17469.919921875,17529.98046875,1032600
2016-05-18,17501.279296875,17636.220703125,17418.2109375,17526.619140625,791200
2016-05-19,17514.16015625,17514.16015625,17331.0703125,17435.400390625,955300
2016-05-20,17437.3203125,17571.75,17437.3203125,17500.939453125,1119900
2016-05-23,17507.0390625,17550.69921875,17480.05078125,17492.9296875,877900
2016-05-24,17525.189453125,17742.58984375,17525.189453125,17706.05078125,864800
2016-05-25,17735.08984375,17891.7109375,17735.08984375,17851.509765625,791800
2016-05-26,17859.51953125,17888.66015625,17803.8203125,17828.2890625,689400
2016-05-27,17826.849609375,17873.220703125,17824.73046875,17873.220703125,731900
2016-05-31,17891.5,17899.240234375,17724.029296875,17787.19921875,1473900
2016-06-01,17754.55078125,17809.1796875,17664.7890625,17789.669921875,785300
2016-06-02,17789.05078125,17838.560546875,17703.55078125,17838.560546875,755600
2016-06-03,17799.80078125,17833.169921875,17689.6796875,17807.060546875,822700
2016-06-06,17825.689453125,17949.6796875,17822.810546875,17920.330078125,718700
2016-06-07,17936.220703125,18003.23046875,17936.220703125,17938.279296875,787500
2016-06-08,17931.91015625,18016.0,17931.91015625,18005.05078125,712600
2016-06-09,17969.98046875,18005.220703125,17915.880859375,17985.189453125,696900
2016-06-10,17938.8203125,17938.8203125,17812.33984375,17865.33984375,905400
2016-06-13,17830.5,17893.279296875,17731.349609375,17732.48046875,1016900
2016-06-14,17710.76953125,17733.919921875,17595.7890625,17674.8203125,937400
2016-06-15,17703.650390625,17762.9609375,17629.009765625,17640.169921875,941300
2016-06-16,17602.23046875,17754.91015625,17471.2890625,17733.099609375,919500
2016-06-17,17733.439453125,17733.439453125,17602.779296875,17675.16015625,2486800
2016-06-20,17736.869140625,17946.359375,17736.869140625,17804.869140625,993800
2016-06-21,17827.330078125,17877.83984375,17799.80078125,17829.73046875,851300
2016-06-22,17832.669921875,17920.16015625,17770.359375,17780.830078125,894400
2016-06-23,17844.109375,18011.0703125,17844.109375,18011.0703125,980700
2016-06-24,17946.630859375,17946.630859375,17356.33984375,17400.75,2390000
2016-06-27,17355.2109375,17355.2109375,17063.080078125,17140.240234375,1387400
2016-06-28,17190.509765625,17409.720703125,17190.509765625,17409.720703125,1121900
2016-06-29,17456.01953125,17704.509765625,17456.01953125,17694.6796875,1063800
2016-06-30,17712.759765625,17930.609375,17711.80078125,17929.990234375,1330300
2016-07-01,17924.240234375,18002.380859375,17916.91015625,17949.369140625,821600
2016-07-05,17904.44921875,17904.44921875,17785.279296875,17840.619140625,1036500
2016-07-06,17807.470703125,17926.91015625,17713.44921875,17918.619140625,930000
2016-07-07,17924.240234375,17984.94921875,17816.650390625,17895.880859375,815700
2016-07-08,17971.220703125,18166.76953125,17971.220703125,18146.740234375,934600
2016-07-11,18161.529296875,18283.900390625,18161.529296875,18226.9296875,808800
2016-07-12,18259.119140625,18371.94921875,18259.119140625,18347.669921875,901700
2016-07-13,18356.779296875,18390.16015625,18315.759765625,18372.119140625,809200
2016-07-14,18414.30078125,18537.5703125,18414.30078125,18506.41015625,870500
2016-07-15,18508.880859375,18557.4296875,18471.619140625,18516.55078125,1236900
2016-07-18,18521.55078125,18556.130859375,18489.83984375,18533.05078125,755400
2016-07-19,18503.119140625,18562.529296875,18495.109375,18559.009765625,858400
2016-07-20,18582.69921875,18622.009765625,18555.650390625,18595.029296875,932300
2016-07-21,18589.9609375,18590.439453125,18469.669921875,18517.23046875,868000
2016-07-22,18524.150390625,18571.30078125,18491.58984375,18570.849609375,877100
2016-07-25,18554.490234375,18555.689453125,18452.619140625,18493.060546875,768100
2016-07-26,18497.369140625,18522.470703125,18387.220703125,18473.75,853700
2016-07-27,18473.26953125,18542.390625,18430.939453125,18472.169921875,1113700
2016-07-28,18461.009765625,18483.259765625,18368.8203125,18456.349609375,857500
2016-07-29,18442.51953125,18466.55078125,18371.119140625,18432.240234375,1115500
2016-08-01,18434.5,18467.029296875,18355.75,18404.509765625,834700
2016-08-02,18401.150390625,18403.650390625,18247.7890625,18313.76953125,896800
2016-08-03,18313.080078125,18355.0,18283.23046875,18355.0,785500
2016-08-04,18351.4296875,18397.869140625,18325.169921875,18352.05078125,645000
2016-08-05,18402.80078125,18543.529296875,18402.80078125,18543.529296875,924200
2016-08-08,18541.890625,18569.310546875,18502.029296875,18529.2890625,718100
2016-08-09,18538.05078125,18585.3203125,18507.75,18533.05078125,600900
2016-08-10,18541.48046875,18561.75,18468.779296875,18495.66015625,627800
2016-08-11,18519.080078125,18638.33984375,18519.080078125,18613.51953125,714700
2016-08-12,18595.650390625,18606.060546875,18535.859375,18576.470703125,615800
2016-08-15,18588.58984375,18722.609375,18559.9296875,18636.05078125,623500
2016-08-16,18614.48046875,18614.859375,18550.650390625,18552.01953125,675700
2016-08-17,18537.08984375,18582.349609375,18468.6796875,18573.939453125,710000
2016-08-18,18566.5390625,18600.8203125,18533.2890625,18597.69921875,707400
2016-08-19,18585.169921875,18585.169921875,18491.240234375,18552.5703125,931700
2016-08-22,18535.859375,18570.919921875,18466.859375,18529.419921875,734500
2016-08-23,18568.939453125,18631.599609375,18545.51953125,18547.30078125,739900
2016-08-24,18537.5,18539.150390625,18448.26953125,18481.48046875,722700
2016-08-25,18471.2109375,18497.6796875,18431.4609375,18448.41015625,644800
2016-08-26,18467.919921875,18572.08984375,18335.33984375,18395.400390625,787300
2016-08-29,18421.2890625,18523.08984375,18419.919921875,18502.990234375,644800
2016-08-30,18491.279296875,18514.2890625,18408.51953125,18454.30078125,689200
2016-08-31,18436.69921875,18439.6796875,18333.560546875,18400.880859375,982500
2016-09-01,18396.5703125,18430.05078125,18295.48046875,18419.30078125,747800
2016-09-02,18466.009765625,18544.759765625,18439.099609375,18491.9609375,743500
2016-09-06,18493.400390625,18551.5390625,18450.3203125,18538.119140625,837100
2016-09-07,18527.7109375,18536.890625,18474.76953125,18526.140625,675700
2016-09-08,18486.689453125,18506.240234375,18446.689453125,18479.91015625,790600
2016-09-09,18404.169921875,18404.169921875,18085.44921875,18085.44921875,1206700
2016-09-12,18028.94921875,18358.689453125,17994.83984375,18325.0703125,1032600
2016-09-13,18262.990234375,18262.990234375,18028.060546875,18066.75,1028300
2016-09-14,18073.390625,18163.48046875,17992.2109375,18034.76953125,1033600
2016-09-15,18024.91015625,18250.109375,18015.490234375,18212.48046875,995500
2016-09-16,18217.2109375,18217.2109375,18070.2109375,18123.80078125,2785100
2016-09-19,18154.8203125,18254.880859375,18093.05078125,18120.169921875,780900
2016-09-20,18175.359375,18227.2109375,18128.80078125,18129.9609375,724500
2016-09-21,18164.9609375,18307.4296875,18121.5703125,18293.69921875,940900
2016-09-22,18343.759765625,18449.880859375,18343.759765625,18392.4609375,730300
2016-09-23,18377.359375,18383.759765625,18254.83984375,18261.44921875,871700
2016-09-26,18217.759765625,18217.759765625,18083.3203125,18094.830078125,955100
2016-09-27,18099.2109375,18238.099609375,18052.16015625,18228.30078125,841300
2016-09-28,18240.220703125,18349.859375,18179.33984375,18339.240234375,976500
2016-09-29,18322.880859375,18366.23046875,18091.640625,18143.44921875,958800
2016-09-30,18181.80078125,18369.619140625,18181.80078125,18308.150390625,1354700
2016-10-03,18279.599609375,18279.80078125,18203.75,18253.849609375,685200
2016-10-04,18267.6796875,18313.76953125,18116.259765625,18168.44921875,797100
2016-10-05,18205.5,18315.8203125,18205.5,18281.029296875,761900
2016-10-06,18280.419921875,18288.119140625,18162.970703125,18268.5,786600
2016-10-07,18295.349609375,18319.73046875,18149.349609375,18240.490234375,826800
2016-10-10,18282.94921875,18399.9609375,18282.94921875,18329.0390625,721100
2016-10-11,18308.4296875,18312.330078125,18061.9609375,18128.66015625,886100
2016-10-12,18132.630859375,18193.9609375,18082.08984375,18144.19921875,722300
2016-10-13,18088.3203125,18137.69921875,17959.94921875,18098.939453125,831600
2016-10-14,18177.349609375,18261.109375,18138.380859375,18138.380859375,870500
2016-10-17,18135.849609375,18162.279296875,18063.01953125,18086.400390625,759600
2016-10-18,18145.060546875,18225.80078125,18129.44921875,18161.939453125,746000
2016-10-19,18178.2109375,18252.19921875,18169.25,18202.619140625,880400
2016-10-20,18161.869140625,18249.05078125,18129.0703125,18162.349609375,888300
2016-10-21,18152.630859375,18168.759765625,18049.76953125,18145.7109375,1178100
2016-10-24,18197.140625,18275.0390625,18191.1796875,18223.029296875,885400
2016-10-25,18206.51953125,18241.689453125,18151.69921875,18169.26953125,831900
2016-10-26,18103.80078125,18236.0390625,18062.30078125,18199.330078125,863400
2016-10-27,18234.810546875,18253.19921875,18149.19921875,18169.6796875,835300
2016-10-28,18193.7890625,18257.060546875,18094.970703125,18161.189453125,1078500
2016-10-31,18176.599609375,18193.6796875,18130.580078125,18142.419921875,1100800
2016-11-01,18158.240234375,18177.009765625,17940.83984375,18037.099609375,1012800
2016-11-02,18017.720703125,18044.150390625,17931.890625,17959.640625,886100
2016-11-03,17978.75,18006.9609375,17904.0703125,17930.669921875,778600
2016-11-04,17928.349609375,17986.759765625,17883.560546875,17888.279296875,977600
2016-11-07,17994.640625,18263.30078125,17994.640625,18259.599609375,934500
2016-11-08,18251.380859375,18400.5,18200.75,18332.740234375,798200
2016-11-09,18317.259765625,18650.060546875,18252.55078125,18589.689453125,1731100
2016-11-10,18603.140625,18873.66015625,18603.140625,18807.880859375,1643900
2016-11-11,18781.650390625,18855.779296875,18736.9609375,18847.66015625,1073000
2016-11-14,18876.76953125,18934.05078125,18815.75,18868.689453125,1122500
2016-11-15,18858.2109375,18925.259765625,18806.060546875,18923.060546875,1006600
2016-11-16,18909.849609375,18909.849609375,18825.890625,18868.140625,873200
2016-11-17,18866.220703125,18904.029296875,18845.26953125,18903.8203125,899400
2016-11-18,18905.330078125,18915.740234375,18853.830078125,18867.9296875,1098800
2016-11-21,18898.6796875,18960.759765625,18883.099609375,18956.689453125,805200
2016-11-22,18970.390625,19043.900390625,18962.8203125,19023.869140625,853100
2016-11-23,19015.51953125,19083.759765625,19000.380859375,19083.1796875,778800
2016-11-25,19093.720703125,19152.140625,19093.720703125,19152.140625,458900
2016-11-28,19122.140625,19138.720703125,19072.25,19097.900390625,884600
2016-11-29,19064.0703125,19144.400390625,19062.220703125,19121.599609375,815100
2016-11-30,19135.640625,19225.2890625,19123.380859375,19123.580078125,1645700
2016-12-01,19149.19921875,19214.30078125,19138.7890625,19191.9296875,1088000
2016-12-02,19161.25,19196.140625,19141.1796875,19170.419921875,849200
2016-12-05,19244.349609375,19274.849609375,19186.73046875,19216.240234375,3178000
2016-12-06,19219.91015625,19255.890625,19184.740234375,19251.779296875,2849600
2016-12-07,19241.990234375,19558.419921875,19229.830078125,19549.619140625,3852000
2016-12-08,19559.939453125,19664.970703125,19527.830078125,19614.810546875,3245700
2016-12-09,19631.349609375,19757.740234375,19623.189453125,19756.849609375,3344700
2016-12-12,19770.19921875,19824.58984375,19747.740234375,19796.4296875,3336600
2016-12-13,19852.2109375,19953.75,19846.44921875,19911.2109375,3884200
2016-12-14,19876.130859375,19966.4296875,19748.669921875,19792.529296875,4084300
2016-12-15,19811.5,19951.2890625,19811.5,19852.240234375,3573500
2016-12-16,19909.009765625,19923.169921875,19821.0,19843.41015625,5734700
2016-12-19,19836.66015625,19917.779296875,19832.94921875,19883.060546875,3023100
2016-12-20,19920.58984375,19987.630859375,19920.419921875,19974.619140625,2840800
2016-12-21,19968.970703125,19986.560546875,19941.9609375,19941.9609375,2566400
2016-12-22,19922.6796875,19933.830078125,19882.189453125,19918.880859375,2582900
2016-12-23,19908.609375,19934.150390625,19899.060546875,19933.810546875,1582600
2016-12-27,19943.4609375,19980.240234375,19939.80078125,19945.0390625,1585400
2016-12-28,19964.310546875,19981.109375,19827.310546875,19833.6796875,1883500
2016-12-29,19835.4609375,19878.439453125,19788.939453125,19819.779296875,1720400
2016-12-30,19833.169921875,19852.55078125,19718.669921875,19762.599609375,2719100
2017-01-03,19872.859375,19938.529296875,19775.9296875,19881.759765625,3391800
2017-01-04,19890.939453125,19956.140625,19878.830078125,19942.16015625,2800100
2017-01-05,19924.560546875,19948.599609375,19811.119140625,19899.2890625,2699200
2017-01-06,19906.9609375,19999.630859375,19834.080078125,19963.80078125,2777000
2017-01-09,19931.41015625,19943.779296875,19887.380859375,19887.380859375,2875100
2017-01-10,19876.349609375,19957.119140625,19836.029296875,19855.529296875,2994100
2017-01-11,19887.380859375,19973.419921875,19833.16015625,19954.279296875,3361500
2017-01-12,19926.2109375,19929.2890625,19770.470703125,19891.0,3062900
2017-01-13,19912.5390625,19952.029296875,19849.380859375,19885.73046875,2637800
2017-01-17,19848.8203125,19882.990234375,19775.349609375,19826.76953125,3419000
2017-01-18,19822.73046875,19828.19921875,19739.0,19804.720703125,2797600
2017-01-19,19813.55078125,19824.140625,19677.939453125,19732.400390625,3017500
2017-01-20,19795.060546875,19843.939453125,19759.140625,19827.25,4352600
2017-01-23,19794.7890625,19833.98046875,19732.359375,19799.849609375,3266900
2017-01-24,19794.6796875,19949.240234375,19786.7109375,19912.7109375,3744600
2017-01-25,19994.48046875,20082.0,19994.48046875,20068.509765625,3722400
2017-01-26,20076.25,20125.580078125,20067.529296875,20100.91015625,3567300
2017-01-27,20103.359375,20115.970703125,20072.640625,20093.779296875,3431300
2017-01-30,20028.619140625,20028.619140625,19870.390625,19971.130859375,3172800
2017-01-31,19913.16015625,19918.169921875,19784.76953125,19864.08984375,3737500
2017-02-01,19923.810546875,19967.73046875,19845.990234375,19890.939453125,4266700
2017-02-02,19858.33984375,19922.75,19831.08984375,19884.91015625,3472200
2017-02-03,19964.2109375,20081.48046875,19964.2109375,20071.4609375,3442200
2017-02-06,20025.609375,20094.94921875,20002.810546875,20052.419921875,2817200
2017-02-07,20107.619140625,20155.349609375,20068.6796875,20090.2890625,2796700
2017-02-08,20049.2890625,20068.279296875,20015.330078125,20054.33984375,2804100
2017-02-09,20061.73046875,20206.359375,20061.73046875,20172.400390625,3253100
2017-02-10,20211.23046875,20298.2109375,20204.759765625,20269.369140625,3122300
2017-02-13,20338.5390625,20441.48046875,20322.94921875,20412.16015625,3146200
2017-02-14,20374.220703125,20504.41015625,20374.01953125,20504.41015625,3565800
2017-02-15,20504.26953125,20620.44921875,20496.029296875,20611.859375,3843800
2017-02-16,20627.310546875,20639.869140625,20556.830078125,20619.76953125,3541200
2017-02-17,20564.130859375,20624.05078125,20532.609375,20624.05078125,3406200
2017-02-21,20663.4296875,20757.640625,20663.369140625,20743.0,3368800
2017-02-22,20715.41015625,20781.58984375,20692.390625,20775.599609375,3105300
2017-02-23,20817.2109375,20840.69921875,20746.41015625,20810.3203125,3021100
2017-02-24,20751.91015625,20821.759765625,20733.94921875,20821.759765625,2925400
2017-02-27,20808.7109375,20851.330078125,20774.759765625,20837.439453125,2565400
2017-02-28,20833.880859375,20841.240234375,20781.2109375,20812.240234375,3392100
2017-03-01,20957.2890625,21169.109375,20957.2890625,21115.55078125,3928200
2017-03-02,21128.91015625,21129.19921875,20996.609375,21002.970703125,3199100
2017-03-03,21008.75,21039.9609375,20953.859375,21005.7109375,2544200
2017-03-06,20955.7109375,20986.4296875,20912.109375,20954.33984375,2666200
2017-03-07,20934.890625,20970.5390625,20901.259765625,20924.759765625,2746300
2017-03-08,20940.439453125,20951.439453125,20835.580078125,20855.73046875,2967800
2017-03-09,20864.3203125,20900.5703125,20777.16015625,20858.189453125,2759600
2017-03-10,20919.009765625,20940.2890625,20827.66015625,20902.98046875,3154300
2017-03-13,20899.279296875,20926.060546875,20845.7109375,20881.48046875,2892600
2017-03-14,20848.599609375,20874.0,20786.310546875,20837.369140625,2468200
2017-03-15,20874.779296875,20977.470703125,20859.599609375,20950.099609375,3065900
2017-03-16,20969.26953125,21000.109375,20893.5,20934.55078125,2643600
2017-03-17,20965.369140625,20980.509765625,20911.0703125,20914.619140625,5352800
2017-03-20,20916.26953125,20955.44921875,20885.69921875,20905.859375,2536100
2017-03-21,20956.330078125,20970.0390625,20653.259765625,20668.009765625,3693200
2017-03-22,20640.419921875,20686.2109375,20578.94921875,20661.30078125,3250900
2017-03-23,20645.0703125,20757.890625,20618.619140625,20656.580078125,2800500
2017-03-24,20674.44921875,20718.330078125,20529.669921875,20596.720703125,2929800
2017-03-27,20488.349609375,20578.4609375,20412.80078125,20550.98046875,2693800
2017-03-28,20542.140625,20735.609375,20520.099609375,20701.5,2996700
2017-03-29,20675.75,20684.73046875,20625.029296875,20659.3203125,2383200
2017-03-30,20662.7890625,20753.779296875,20643.599609375,20728.490234375,2709000
2017-03-31,20700.33984375,20722.58984375,20660.6796875,20663.220703125,3037700
2017-04-03,20665.169921875,20692.33984375,20517.8203125,20650.2109375,2856700
2017-04-04,20634.939453125,20701.2890625,20605.30078125,20689.240234375,2373900
2017-04-05,20745.060546875,20887.5,20639.55078125,20648.150390625,2849800
2017-04-06,20653.76953125,20746.4609375,20612.169921875,20662.94921875,2517200
2017-04-07,20647.810546875,20726.0703125,20606.94921875,20656.099609375,2197300
2017-04-10,20668.220703125,20750.330078125,20614.859375,20658.01953125,2304800
2017-04-11,20644.3203125,20660.029296875,20512.560546875,20651.30078125,2551200
2017-04-12,20637.94921875,20642.5390625,20553.029296875,20591.859375,2676700
2017-04-13,20561.689453125,20612.26953125,20453.25,20453.25,2358100
2017-04-17,20484.75,20644.41015625,20484.75,20636.919921875,2292400
2017-04-18,20561.390625,20600.119140625,20462.279296875,20523.279296875,2631800
2017-04-19,20503.51953125,20546.689453125,20379.55078125,20404.490234375,2947900
2017-04-20,20406.6796875,20629.779296875,20406.6796875,20578.7109375,3124400
2017-04-21,20578.099609375,20601.400390625,20505.330078125,20547.759765625,3696000
2017-04-24,20723.58984375,20792.19921875,20723.58984375,20763.890625,3424000
2017-04-25,20915.509765625,21026.970703125,20909.380859375,20996.119140625,3481800
2017-04-26,21009.94921875,21070.900390625,20972.26953125,20975.08984375,3285500
2017-04-27,20991.119140625,21005.80078125,20935.80078125,20981.330078125,3056900
2017-04-28,20987.390625,20987.759765625,20926.75,20940.509765625,3299900
2017-05-01,20962.73046875,20976.619140625,20898.380859375,20913.4609375,2881600
2017-05-02,20941.189453125,20960.919921875,20904.060546875,20949.890625,3388100
2017-05-03,20915.0,20972.740234375,20874.1796875,20957.900390625,3109200
2017-05-04,20987.830078125,20990.7890625,20847.94921875,20951.470703125,2747200
2017-05-05,20929.0390625,21006.939453125,20905.0,21006.939453125,2609600
2017-05-08,20991.259765625,21017.890625,20971.05078125,21012.279296875,2761500
2017-05-09,21022.279296875,21046.849609375,20938.0390625,20975.779296875,2730000
2017-05-10,20958.490234375,20976.279296875,20884.150390625,20943.109375,2833400
2017-05-11,20925.720703125,20933.359375,20798.900390625,20919.419921875,2876800
2017-05-12,20893.189453125,20916.099609375,20869.740234375,20896.609375,2885000
2017-05-15,20923.630859375,21000.830078125,20923.630859375,20981.939453125,3131700
2017-05-16,20984.48046875,21033.529296875,20932.880859375,20979.75,3115800
2017-05-17,20846.169921875,20846.169921875,20601.080078125,20606.9296875,4232000
2017-05-18,20579.650390625,20759.19921875,20553.44921875,20663.01953125,4225900
2017-05-19,20698.279296875,20857.130859375,20687.939453125,20804.83984375,3651800
2017-05-22,20867.76953125,20914.259765625,20860.16015625,20894.830078125,2761200
2017-05-23,20908.669921875,20961.140625,20896.220703125,20937.91015625,2449500
2017-05-24,20949.2109375,21022.8203125,20933.580078125,21012.419921875,2831800
2017-05-25,21062.9609375,21112.3203125,21051.41015625,21082.94921875,2689700
2017-05-26,21070.150390625,21092.8203125,21050.490234375,21080.279296875,2080000
2017-05-30,21045.490234375,21063.619140625,21009.599609375,21029.470703125,2428100
2017-05-31,21048.4609375,21051.69921875,20942.5703125,21008.650390625,3715800
2017-06-01,21030.55078125,21144.1796875,20994.220703125,21144.1796875,2767300
2017-06-02,21142.08984375,21225.0390625,21129.560546875,21206.2890625,3297000
2017-06-05,21195.029296875,21224.41015625,21168.689453125,21184.0390625,2697900
2017-06-06,21145.48046875,21180.470703125,21118.4609375,21136.23046875,2835500
2017-06-07,21171.5703125,21189.83984375,21113.310546875,21173.689453125,2734000
2017-06-08,21169.759765625,21265.689453125,21138.16015625,21182.529296875,3303300
2017-06-09,21208.9609375,21305.349609375,21159.44921875,21271.970703125,3972000
2017-06-12,21259.94921875,21277.080078125,21186.150390625,21235.669921875,5280800
2017-06-13,21256.830078125,21332.76953125,21256.830078125,21328.470703125,3235100
2017-06-14,21342.7109375,21391.970703125,21294.08984375,21374.560546875,2950900
2017-06-15,21291.689453125,21367.279296875,21261.869140625,21359.900390625,3172000
2017-06-16,21335.9296875,21384.419921875,21308.009765625,21384.279296875,6032600
2017-06-19,21444.75,21528.990234375,21436.080078125,21528.990234375,2894000
2017-06-20,21521.25,21535.029296875,21464.240234375,21467.140625,3102000
2017-06-21,21466.390625,21492.619140625,21390.0,21410.029296875,2925000
2017-06-22,21407.98046875,21456.470703125,21394.810546875,21397.2890625,2706800
2017-06-23,21380.919921875,21421.7890625,21333.890625,21394.759765625,3684000
2017-06-26,21434.6796875,21506.2109375,21381.25,21409.55078125,2418800
2017-06-27,21411.189453125,21440.599609375,21310.66015625,21310.66015625,2921700
2017-06-28,21372.359375,21478.75,21372.359375,21454.609375,2715100
2017-06-29,21487.380859375,21487.380859375,21197.080078125,21287.029296875,3367500
2017-06-30,21348.599609375,21426.119140625,21325.080078125,21349.630859375,3132600
2017-07-03,21392.30078125,21562.75,21391.7109375,21479.26953125,1868100
2017-07-05,21492.830078125,21505.359375,21404.759765625,21478.169921875,2736900
2017-07-06,21423.9296875,21433.099609375,21305.380859375,21320.0390625,3204500
2017-07-07,21354.66015625,21425.8203125,21350.720703125,21414.33984375,2422400
2017-07-10,21381.23046875,21446.390625,21371.109375,21408.51953125,2703400
2017-07-11,21410.169921875,21441.619140625,21279.30078125,21409.0703125,2475700
2017-07-12,21467.9296875,21580.7890625,21467.9296875,21532.140625,2678700
2017-07-13,21537.189453125,21568.720703125,21512.359375,21553.08984375,2322700
2017-07-14,21532.76953125,21681.529296875,21521.720703125,21637.740234375,2355900
2017-07-17,21633.970703125,21661.810546875,21617.66015625,21629.720703125,2447800
2017-07-18,21589.939453125,21589.939453125,21471.140625,21574.73046875,2511100
2017-07-19,21569.25,21640.75,21565.83984375,21640.75,2530400
2017-07-20,21641.5390625,21661.91015625,21576.9609375,21611.779296875,3139500
2017-07-21,21591.720703125,21592.609375,21503.779296875,21580.0703125,3628300
2017-07-24,21577.779296875,21577.779296875,21496.130859375,21513.169921875,2840800
2017-07-25,21638.560546875,21670.619140625,21577.369140625,21613.4296875,3043000
2017-07-26,21690.380859375,21742.69921875,21683.2890625,21711.009765625,2782400
2017-07-27,21717.419921875,21798.470703125,21687.849609375,21796.55078125,4073200
2017-07-28,21787.509765625,21841.1796875,21756.119140625,21830.310546875,2856300
2017-07-31,21863.390625,21929.80078125,21861.7109375,21891.119140625,3076100
2017-08-01,21961.419921875,21990.9609375,21940.810546875,21963.919921875,3284100
2017-08-02,22004.359375,22036.099609375,21967.4609375,22016.240234375,3368200
2017-08-03,22007.580078125,22044.849609375,21991.3203125,22026.099609375,2787300
2017-08-04,22058.390625,22092.810546875,22024.640625,22092.810546875,2536400
2017-08-07,22100.19921875,22121.150390625,22081.970703125,22118.419921875,2130100
2017-08-08,22095.140625,22179.109375,22057.2890625,22085.33984375,2620000
2017-08-09,22022.33984375,22057.189453125,21996.689453125,22048.69921875,2778000
2017-08-10,21988.19921875,21988.19921875,21843.939453125,21844.009765625,3033100
2017-08-11,21883.3203125,21911.08984375,21842.740234375,21858.3203125,2377900
2017-08-14,21945.640625,22019.23046875,21945.640625,21993.7109375,2350300
2017-08-15,22029.91015625,22038.919921875,21971.48046875,21998.990234375,2690700
2017-08-16,22031.9296875,22085.7109375,22002.470703125,22024.869140625,2649200
2017-08-17,21984.740234375,21984.740234375,21750.3203125,21750.73046875,3110300
2017-08-18,21724.880859375,21793.349609375,21641.630859375,21674.509765625,3090700
2017-08-21,21671.359375,21718.740234375,21600.33984375,21703.75,2778800
2017-08-22,21739.779296875,21912.830078125,21738.130859375,21899.890625,2449800
2017-08-23,21850.26953125,21866.66015625,21808.390625,21812.08984375,2348100
2017-08-24,21839.900390625,21870.109375,21765.8203125,21783.400390625,2284800
2017-08-25,21819.080078125,21906.859375,21812.810546875,21813.669921875,2175700
2017-08-28,21832.5,21861.490234375,21767.939453125,21808.400390625,2187400
2017-08-29,21718.0,21879.220703125,21673.580078125,21865.369140625,2273400
2017-08-30,21859.759765625,21914.259765625,21839.470703125,21892.4296875,2428400
2017-08-31,21936.009765625,21985.759765625,21910.5,21948.099609375,3767900
2017-09-01,21981.76953125,22038.970703125,21974.91015625,21987.560546875,2562400
2017-09-05,21912.369140625,21921.08984375,21709.630859375,21753.310546875,3328400
2017-09-06,21815.759765625,21849.240234375,21794.0703125,21807.640625,3187600
2017-09-07,21820.380859375,21850.009765625,21745.7109375,21784.779296875,3338100
2017-09-08,21764.4296875,21846.630859375,21731.119140625,21797.7890625,2894000
2017-09-11,21927.7890625,22067.099609375,21927.7890625,22057.369140625,3127700
2017-09-12,22090.560546875,22134.5703125,22087.08984375,22118.859375,3645800
2017-09-13,22103.470703125,22158.1796875,22095.7890625,22158.1796875,2918900
2017-09-14,22144.9609375,22216.439453125,22135.259765625,22203.48046875,2977800
2017-09-15,22252.439453125,22275.01953125,22214.51953125,22268.33984375,5275400
2017-09-18,22297.919921875,22355.619140625,22283.349609375,22331.349609375,3027400
2017-09-19,22349.69921875,22386.009765625,22340.7109375,22370.80078125,2955700
2017-09-20,22351.380859375,22413.259765625,22314.6796875,22412.58984375,3345600
2017-09-21,22414.01953125,22419.509765625,22356.55078125,22359.23046875,2873900
2017-09-22,22334.0703125,22364.310546875,22299.580078125,22349.58984375,2971400
2017-09-25,22320.470703125,22359.880859375,22219.109375,22296.08984375,3324300
2017-09-26,22322.029296875,22369.349609375,22279.51953125,22284.3203125,2859900
2017-09-27,22330.9296875,22371.099609375,22254.9296875,22340.7109375,3429000
2017-09-28,22306.830078125,22394.740234375,22288.970703125,22381.19921875,2630100
2017-09-29,22358.470703125,22405.630859375,22332.9609375,22405.08984375,2747900
2017-10-02,22423.470703125,22559.380859375,22416.0,22557.599609375,2685300
2017-10-03,22564.44921875,22646.3203125,22562.900390625,22641.669921875,2388300
2017-10-04,22645.669921875,22685.939453125,22632.80078125,22661.640625,2357300
2017-10-05,22669.080078125,22777.0390625,22655.140625,22775.390625,2464000
2017-10-06,22762.029296875,22773.669921875,22730.849609375,22773.669921875,2214500
2017-10-09,22779.73046875,22803.369140625,22739.380859375,22761.0703125,3107700
2017-10-10,22784.759765625,22850.509765625,22770.990234375,22830.6796875,3192700
2017-10-11,22827.650390625,22872.890625,22821.66015625,22872.890625,3160000
2017-10-12,22854.849609375,22884.8203125,22821.130859375,22841.009765625,2917900
2017-10-13,22876.4296875,22905.330078125,22855.9296875,22871.720703125,2595600
2017-10-16,22892.919921875,22960.119140625,22887.119140625,22956.9609375,2471800
2017-10-17,22952.41015625,23002.19921875,22948.23046875,22997.439453125,2730900
2017-10-18,23087.130859375,23172.9296875,23086.75,23157.599609375,2718700
2017-10-19,23107.470703125,23167.240234375,23052.669921875,23163.0390625,3504000
2017-10-20,23205.1796875,23328.83984375,23201.779296875,23328.630859375,4743800
2017-10-23,23348.94921875,23368.369140625,23273.9609375,23273.9609375,4568300
2017-10-24,23346.779296875,23485.25,23343.23046875,23441.759765625,4068500
2017-10-25,23431.08984375,23451.509765625,23251.109375,23329.4609375,3995600
2017-10-26,23380.890625,23459.83984375,23380.890625,23400.859375,3706000
2017-10-27,23419.16015625,23449.400390625,23353.16015625,23434.189453125,5188700
2017-10-30,23405.75,23428.75,23327.869140625,23348.740234375,4369000
2017-10-31,23369.220703125,23406.349609375,23334.390625,23377.240234375,3880500
2017-11-01,23442.900390625,23517.7109375,23388.91015625,23435.009765625,3612600
2017-11-02,23463.240234375,23531.380859375,23350.98046875,23516.259765625,3480400
2017-11-03,23549.58984375,23557.060546875,23481.5703125,23539.189453125,3122500
2017-11-06,23533.9609375,23574.859375,23520.75,23548.419921875,3251900
2017-11-07,23574.029296875,23602.119140625,23484.189453125,23557.23046875,2850800
2017-11-08,23542.599609375,23575.0,23510.560546875,23563.359375,2646700
2017-11-09,23492.08984375,23516.740234375,23310.01953125,23461.939453125,3054400
2017-11-10,23432.7109375,23452.19921875,23392.9609375,23422.2109375,3512800
2017-11-13,23367.470703125,23461.6796875,23343.33984375,23439.69921875,4912600
2017-11-14,23388.400390625,23414.080078125,23271.5703125,23409.470703125,5613300
2017-11-15,23334.58984375,23344.990234375,23242.75,23271.279296875,4043000
2017-11-16,23365.33984375,23492.189453125,23365.33984375,23458.359375,4020200
2017-11-17,23433.76953125,23433.76953125,23356.009765625,23358.240234375,3860000
2017-11-20,23370.7109375,23456.880859375,23360.580078125,23430.330078125,3153300
2017-11-21,23500.150390625,23617.80078125,23500.150390625,23590.830078125,3296500
2017-11-22,23597.240234375,23605.76953125,23507.609375,23526.1796875,2687600
2017-11-24,23552.75,23599.1796875,23551.58984375,23557.990234375,1186100
2017-11-27,23552.859375,23638.919921875,23545.01953125,23580.779296875,2963200
2017-11-28,23625.189453125,23849.609375,23617.109375,23836.7109375,3192400
2017-11-29,23883.259765625,23959.759765625,23872.58984375,23940.6796875,4014100
2017-11-30,24013.80078125,24327.8203125,24013.80078125,24272.349609375,4882000
2017-12-01,24305.400390625,24322.060546875,23921.900390625,24231.58984375,4179100
2017-12-04,24424.109375,24534.0390625,24288.189453125,24290.05078125,4242500
2017-12-05,24335.009765625,24349.740234375,24155.279296875,24180.640625,3711900
2017-12-06,24171.900390625,24229.349609375,24134.490234375,24140.91015625,3127200
2017-12-07,24116.599609375,24262.880859375,24101.240234375,24211.48046875,3190600
2017-12-08,24263.259765625,24330.119140625,24225.5,24329.16015625,2935900
2017-12-11,24338.109375,24389.720703125,24314.740234375,24386.029296875,3005800
2017-12-12,24452.9609375,24552.970703125,24443.830078125,24504.80078125,3422200
2017-12-13,24525.189453125,24666.01953125,24518.30078125,24585.4296875,3252800
2017-12-14,24631.009765625,24672.48046875,24508.66015625,24508.66015625,3147800
2017-12-15,24585.7109375,24688.619140625,24584.439453125,24651.740234375,6357400
2017-12-18,24739.560546875,24876.0703125,24739.560546875,24792.19921875,3548800
2017-12-19,24834.380859375,24850.109375,24715.599609375,24754.75,3353300
2017-12-20,24838.08984375,24852.439453125,24697.109375,24726.650390625,3417900
2017-12-21,24778.259765625,24850.91015625,24766.26953125,24782.2890625,3395300
2017-12-22,24764.0390625,24784.150390625,24717.509765625,24754.060546875,2551400
2017-12-26,24715.83984375,24778.130859375,24708.419921875,24746.2109375,2082900
2017-12-27,24766.51953125,24789.51953125,24731.6796875,24774.30078125,2258900
2017-12-28,24807.2109375,24839.23046875,24797.130859375,24837.509765625,2009600
2017-12-29,24849.630859375,24871.66015625,24719.220703125,24719.220703125,2707600
2018-01-02,24809.349609375,24864.189453125,24741.69921875,24824.009765625,3411300
2018-01-03,24850.44921875,24941.919921875,24825.55078125,24922.6796875,4567900
2018-01-04,24964.859375,25105.9609375,24963.26953125,25075.130859375,4032800
2018-01-05,25114.919921875,25299.7890625,25112.009765625,25295.869140625,3580200
2018-01-08,25308.400390625,25311.990234375,25235.41015625,25283.0,3413900
2018-01-09,25312.05078125,25439.779296875,25308.41015625,25385.80078125,3334900
2018-01-10,25348.130859375,25404.919921875,25256.990234375,25369.130859375,3414700
2018-01-11,25398.599609375,25575.419921875,25396.189453125,25574.73046875,3468300
2018-01-12,25638.390625,25810.4296875,25633.080078125,25803.189453125,3763900
2018-01-16,25987.619140625,26086.119140625,25702.990234375,25792.859375,6065200
2018-01-17,25910.779296875,26130.44921875,25865.01953125,26115.650390625,5227200
2018-01-18,26149.55078125,26153.419921875,25947.3203125,26017.810546875,4927800
2018-01-19,25987.349609375,26071.720703125,25942.830078125,26071.720703125,5850000
2018-01-22,26025.3203125,26215.23046875,25974.650390625,26214.599609375,4312000
2018-01-23,26214.869140625,26246.189453125,26143.900390625,26210.810546875,4334900
2018-01-24,26282.0703125,26392.80078125,26106.939453125,26252.119140625,5187900
2018-01-25,26313.060546875,26458.25,26259.720703125,26392.7890625,4013900
2018-01-26,26466.740234375,26616.7109375,26425.349609375,26616.7109375,4777800
2018-01-29,26584.279296875,26608.900390625,26435.33984375,26439.48046875,4210000
2018-01-30,26198.44921875,26256.990234375,26028.419921875,26076.890625,4483300
2018-01-31,26268.169921875,26338.029296875,26050.98046875,26149.390625,4791300
2018-02-01,26083.0390625,26306.69921875,26014.439453125,26186.7109375,4106200
2018-02-02,26061.7890625,26061.7890625,25490.66015625,25520.9609375,5228800
2018-02-05,25337.869140625,25520.529296875,23923.880859375,24345.75,7144500
2018-02-06,24085.169921875,24946.23046875,23778.740234375,24912.76953125,8239400
2018-02-07,24892.869140625,25293.9609375,24785.439453125,24893.349609375,5046200
2018-02-08,24902.30078125,24903.6796875,23849.23046875,23860.4609375,6575000
2018-02-09,23992.669921875,24382.140625,23360.2890625,24190.900390625,7350300
2018-02-12,24337.759765625,24765.16015625,24290.48046875,24601.26953125,4966100
2018-02-13,24540.330078125,24705.720703125,24421.029296875,24640.44921875,3744100
2018-02-14,24535.8203125,24925.94921875,24490.359375,24893.490234375,4311600
2018-02-15,25047.8203125,25203.94921875,24809.419921875,25200.369140625,4167800
2018-02-16,25165.939453125,25432.419921875,25149.259765625,25219.380859375,4067300
2018-02-20,25124.91015625,25179.009765625,24884.189453125,24964.75,4215100
2018-02-21,24988.060546875,25267.990234375,24792.990234375,24797.779296875,4560700
2018-02-22,24855.41015625,25156.720703125,24854.830078125,24962.48046875,3789000
2018-02-23,25050.509765625,25313.91015625,25028.73046875,25309.990234375,3354200
2018-02-26,25403.349609375,25732.80078125,25398.560546875,25709.26953125,4733600
2018-02-27,25735.779296875,25800.349609375,25407.830078125,25410.029296875,4383900
2018-02-28,25485.150390625,25576.150390625,25022.419921875,25029.19921875,4518700
2018-03-01,25024.0390625,25185.349609375,24442.560546875,24608.98046875,5062800
2018-03-02,24394.91015625,24592.4609375,24217.759765625,24538.060546875,4371300
2018-03-05,24471.310546875,24961.0,24387.150390625,24874.759765625,3839100
2018-03-06,24965.890625,24995.240234375,24708.41015625,24884.119140625,3317700
2018-03-07,24758.150390625,24849.6796875,24535.119140625,24801.359375,3940700
2018-03-08,24853.41015625,24950.490234375,24703.05078125,24895.2109375,3273000
2018-03-09,25004.890625,25336.330078125,25004.890625,25335.740234375,3715700
2018-03-12,25372.439453125,25449.150390625,25152.01953125,25178.609375,3625800
2018-03-13,25257.75,25376.400390625,24947.5,25007.029296875,4478800
2018-03-14,25086.970703125,25130.119140625,24668.830078125,24758.119140625,3568300
2018-03-15,24837.2890625,25053.869140625,24753.2890625,24873.66015625,3163100
2018-03-16,24877.33984375,25031.0,24857.08984375,24946.509765625,6542400
2018-03-19,24893.689453125,24893.689453125,24453.140625,24610.91015625,3779900
2018-03-20,24650.640625,24803.609375,24650.640625,24727.26953125,3425100
2018-03-21,24723.490234375,24977.650390625,24655.400390625,24682.310546875,3432300
2018-03-22,24526.009765625,24526.009765625,23938.740234375,23957.890625,4392800
2018-03-23,23995.1796875,24108.470703125,23509.060546875,23533.19921875,4825500
2018-03-26,23825.740234375,24232.30078125,23741.220703125,24202.599609375,4795400
2018-03-27,24276.619140625,24446.220703125,23708.73046875,23857.7109375,5244800
2018-03-28,23883.080078125,24092.470703125,23728.669921875,23848.419921875,5300400
2018-03-29,23949.1796875,24314.30078125,23928.130859375,24103.109375,4635500
2018-04-02,24076.599609375,24123.80078125,23344.51953125,23644.189453125,5098200
2018-04-03,23698.330078125,24044.349609375,23664.330078125,24033.359375,3941300
2018-04-04,23654.150390625,24308.9609375,23523.16015625,24264.30078125,3885400
2018-04-05,24313.91015625,24622.259765625,24313.91015625,24505.220703125,3477900
2018-04-06,24373.599609375,24434.400390625,23738.19921875,23932.759765625,3959900
2018-04-09,24037.51953125,24373.1796875,23954.830078125,23979.099609375,3807900
2018-04-10,24198.94921875,24511.349609375,24198.94921875,24408.0,3685900
2018-04-11,24274.189453125,24366.5703125,24150.869140625,24189.44921875,2863600
2018-04-12,24302.8203125,24592.119140625,24302.8203125,24483.05078125,3361300
2018-04-13,24582.8203125,24646.44921875,24243.740234375,24360.140625,3318900
2018-04-16,24483.150390625,24675.359375,24480.19921875,24573.0390625,3050700
2018-04-17,24681.7890625,24858.970703125,24681.7890625,24786.630859375,3424100
2018-04-18,24820.849609375,24832.5390625,24721.08984375,24748.0703125,3020300
2018-04-19,24711.30078125,24762.48046875,24557.029296875,24664.890625,3811100
2018-04-20,24657.390625,24678.0703125,24375.0390625,24462.939453125,5377700
2018-04-23,24488.0703125,24536.890625,24328.5390625,24448.689453125,3510300
2018-04-24,24579.939453125,24579.939453125,23828.73046875,24024.130859375,4681800
2018-04-25,24070.19921875,24146.33984375,23823.080078125,24083.830078125,4371000
2018-04-26,24128.720703125,24402.4609375,24128.720703125,24322.33984375,3903600
2018-04-27,24342.140625,24359.380859375,24194.44921875,24311.189453125,3928100
2018-04-30,24410.41015625,24498.23046875,24163.080078125,24163.150390625,4166500
2018-05-01,24117.2890625,24117.2890625,23808.189453125,24099.05078125,3800700
2018-05-02,24097.630859375,24185.51953125,23886.30078125,23924.98046875,3853500
2018-05-03,23836.23046875,23996.150390625,23531.310546875,23930.150390625,3892400
2018-05-04,23865.220703125,24333.349609375,23778.869140625,24262.509765625,3294800
2018-05-07,24317.66015625,24479.44921875,24263.419921875,24357.3203125,3076700
2018-05-08,24341.349609375,24412.33984375,24198.33984375,24360.2109375,3449400
2018-05-09,24399.1796875,24586.48046875,24323.869140625,24542.5390625,3615800
2018-05-10,24591.66015625,24794.990234375,24575.91015625,24739.529296875,3042100
2018-05-11,24758.640625,24868.650390625,24717.5,24831.169921875,2741500
2018-05-14,24879.369140625,24994.189453125,24862.51953125,24899.41015625,2828600
2018-05-15,24809.55078125,24809.55078125,24629.390625,24706.41015625,3019000
2018-05-16,24722.3203125,24801.189453125,24672.7890625,24768.9296875,2808100
2018-05-17,24752.400390625,24839.490234375,24639.400390625,24713.98046875,3146500
2018-05-18,24707.720703125,24774.970703125,24664.869140625,24715.08984375,2697000
2018-05-21,24883.060546875,25086.490234375,24883.060546875,25013.2890625,3089200
2018-05-22,25047.55078125,25064.990234375,24812.060546875,24834.41015625,2882000
2018-05-23,24757.7109375,24889.4609375,24667.119140625,24886.810546875,3996100
2018-05-24,24877.359375,24877.359375,24605.900390625,24811.759765625,3470500
2018-05-25,24781.2890625,24824.220703125,24687.810546875,24753.08984375,2572100
2018-05-29,24606.58984375,24635.1796875,24247.83984375,24361.44921875,3958100
2018-05-30,24467.830078125,24714.48046875,24459.08984375,24667.779296875,3248700
2018-05-31,24620.7890625,24620.7890625,24352.150390625,24415.83984375,4297400
2018-06-01,24542.08984375,24673.599609375,24542.08984375,24635.2109375,3157100
2018-06-04,24727.55078125,24859.369140625,24722.140625,24813.689453125,3404000
2018-06-05,24820.119140625,24838.779296875,24710.8203125,24799.98046875,3063400
2018-06-06,24854.140625,25146.4609375,24854.140625,25146.390625,3160900
2018-06-07,25192.140625,25326.08984375,25164.48046875,25241.41015625,3576800
2018-06-08,25209.2890625,25325.630859375,25165.69921875,25316.529296875,3175100
2018-06-11,25336.669921875,25402.830078125,25290.19921875,25322.310546875,2767400
2018-06-12,25346.8203125,25364.369140625,25247.0390625,25320.73046875,2657500
2018-06-13,25328.650390625,25362.0703125,25191.419921875,25201.19921875,3297000
2018-06-14,25254.650390625,25332.5,25138.599609375,25175.310546875,3411700
2018-06-15,25116.7109375,25130.8203125,24894.380859375,25090.48046875,6593700
2018-06-18,24944.279296875,25003.099609375,24825.76953125,24987.470703125,3370700
2018-06-19,24763.58984375,24763.58984375,24567.75,24700.2109375,3763800
2018-06-20,24771.169921875,24804.759765625,24628.390625,24657.80078125,3595200
2018-06-21,24639.2109375,24639.2109375,24406.630859375,24461.69921875,3495700
2018-06-22,24526.970703125,24663.1796875,24526.970703125,24580.890625,4739700
2018-06-25,24463.73046875,24463.73046875,24084.390625,24252.80078125,4391300
2018-06-26,24281.890625,24384.2109375,24241.220703125,24283.109375,3011300
2018-06-27,24303.109375,24569.01953125,24115.8203125,24117.58984375,3137900
2018-06-28,24064.189453125,24308.16015625,23997.2109375,24216.05078125,3050200
2018-06-29,24323.9296875,24509.51953125,24269.7109375,24271.41015625,3290700
2018-07-02,24161.529296875,24319.419921875,24077.560546875,24307.1796875,2441100
2018-07-03,24359.390625,24444.880859375,24150.849609375,24174.8203125,1609600
2018-07-05,24285.8203125,24372.80078125,24177.439453125,24356.740234375,2376700
2018-07-06,24352.470703125,24520.2890625,24281.470703125,24456.48046875,2194500
2018-07-09,24519.19921875,24796.51953125,24518.4296875,24776.58984375,2405800
2018-07-10,24806.970703125,24945.380859375,24806.970703125,24919.66015625,2350400
2018-07-11,24789.48046875,24815.16015625,24663.8203125,24700.44921875,2373700
2018-07-12,24802.900390625,24939.970703125,24802.900390625,24924.890625,2331500
2018-07-13,24926.0703125,25043.2109375,24890.060546875,25019.41015625,2555200
2018-07-16,25025.580078125,25072.41015625,24979.640625,25064.359375,2312700
2018-07-17,25033.919921875,25155.390625,24989.609375,25119.890625,2504500
2018-07-18,25133.7890625,25215.3203125,25101.119140625,25199.2890625,2528700
2018-07-19,25139.150390625,25154.169921875,25052.619140625,25064.5,2857600
2018-07-20,25041.140625,25124.099609375,24986.349609375,25058.119140625,2740800
2018-07-23,25036.900390625,25081.44921875,24983.330078125,25044.2890625,2288200
2018-07-24,25092.4296875,25286.619140625,25092.4296875,25241.939453125,2749400
2018-07-25,25183.69921875,25432.869140625,25113.55078125,25414.099609375,2736700
2018-07-26,25468.55078125,25587.240234375,25463.16015625,25527.0703125,2975300
2018-07-27,25520.51953125,25580.220703125,25370.0703125,25451.060546875,3296800
2018-07-30,25439.3203125,25500.16015625,25287.380859375,25306.830078125,2968800
2018-07-31,25345.2109375,25490.98046875,25345.2109375,25415.189453125,3487000
2018-08-01,25461.630859375,25488.80078125,25278.3203125,25333.8203125,3158800
2018-08-02,25256.44921875,25360.48046875,25120.0703125,25326.16015625,3077000
2018-08-03,25360.369140625,25467.900390625,25325.169921875,25462.580078125,2390200
2018-08-06,25437.4296875,25540.01953125,25381.380859375,25502.1796875,2389900
2018-08-07,25551.650390625,25692.720703125,25551.650390625,25628.91015625,2399100
2018-08-08,25615.720703125,25634.109375,25557.48046875,25583.75,2177700
2018-08-09,25589.7890625,25613.310546875,25492.689453125,25509.23046875,2149700
2018-08-10,25401.189453125,25401.189453125,25222.880859375,25313.140625,2344800
2018-08-13,25327.189453125,25381.390625,25153.9296875,25187.69921875,2199900
2018-08-14,25215.689453125,25339.509765625,25201.869140625,25299.919921875,2192100
2018-08-15,25235.369140625,25235.369140625,24965.76953125,25162.41015625,2958100
2018-08-16,25294.970703125,25607.33984375,25294.970703125,25558.73046875,3424300
2018-08-17,25550.80078125,25728.16015625,25521.66015625,25669.3203125,2841600
2018-08-20,25727.69921875,25790.169921875,25716.41015625,25758.689453125,2485700
2018-08-21,25786.990234375,25888.8203125,25784.900390625,25822.2890625,2416200
2018-08-22,25825.060546875,25836.16015625,25722.4296875,25733.599609375,2004800
2018-08-23,25714.859375,25762.560546875,25608.01953125,25656.98046875,2132700
2018-08-24,25688.580078125,25826.05078125,25688.580078125,25790.349609375,2003300
2018-08-27,25882.7109375,26067.5703125,25882.7109375,26049.640625,2205100
2018-08-28,26092.69921875,26122.240234375,26037.849609375,26064.01953125,2114700
2018-08-29,26082.529296875,26167.939453125,26035.30078125,26124.5703125,2149600
2018-08-30,26099.009765625,26104.369140625,25934.80078125,25986.919921875,2404400
2018-08-31,25964.849609375,26028.830078125,25879.76953125,25964.8203125,2734400
2018-09-04,25916.0703125,25971.76953125,25805.94921875,25952.48046875,2546000
2018-09-05,25919.83984375,26011.220703125,25871.0390625,25974.990234375,2892100
2018-09-06,25973.01953125,26073.6796875,25880.83984375,25995.869140625,2623800
2018-09-07,25951.01953125,26002.990234375,25818.390625,25916.5390625,2813500
2018-09-10,25991.91015625,26039.9609375,25854.130859375,25857.0703125,2521700
2018-09-11,25841.140625,26019.919921875,25754.3203125,25971.060546875,2659600
2018-09-12,25989.0703125,26145.720703125,25929.4296875,25998.919921875,2827700
2018-09-13,26083.939453125,26191.640625,26067.080078125,26145.990234375,2608000
2018-09-14,26169.560546875,26211.109375,26068.2890625,26154.669921875,2286400
2018-09-17,26151.66015625,26184.470703125,26030.349609375,26062.119140625,2302300
2018-09-18,26076.2109375,26317.33984375,26076.2109375,26246.9609375,2430000
2018-09-19,26287.83984375,26464.41015625,26280.759765625,26405.759765625,2513300
2018-09-20,26519.390625,26697.490234375,26519.390625,26656.98046875,2604800
2018-09-21,26726.25,26769.16015625,26680.369140625,26743.5,6576200
2018-09-24,26705.25,26709.939453125,26548.6796875,26562.05078125,2548500
2018-09-25,26601.580078125,26634.849609375,26475.580078125,26492.2109375,2341100
2018-09-26,26536.859375,26606.08984375,26349.33984375,26385.279296875,2626200
2018-09-27,26418.26953125,26557.009765625,26379.94921875,26439.9296875,2263500
2018-09-28,26407.66015625,26515.759765625,26383.5703125,26458.310546875,2640300
2018-10-01,26598.359375,26737.98046875,26596.05078125,26651.2109375,2383200
2018-10-02,26648.91015625,26824.779296875,26627.66015625,26773.939453125,2582900
2018-10-03,26833.470703125,26951.810546875,26789.080078125,26828.390625,2801300
2018-10-04,26784.080078125,26793.8203125,26471.609375,26627.48046875,2896000
2018-10-05,26632.76953125,26676.16015625,26301.810546875,26447.05078125,2671000
2018-10-08,26399.44921875,26529.349609375,26223.08984375,26486.779296875,2730200
2018-10-09,26469.189453125,26539.939453125,26324.16015625,26430.5703125,2825600
2018-10-10,26441.73046875,26487.869140625,25567.099609375,25598.740234375,4382000
2018-10-11,25518.390625,25683.640625,24899.76953125,25052.830078125,5228800
2018-10-12,25407.630859375,25467.55078125,25000.830078125,25339.990234375,3975100
2018-10-15,25332.4609375,25482.419921875,25243.880859375,25250.55078125,2873200
2018-10-16,25351.529296875,25817.6796875,25351.529296875,25798.419921875,3058000
2018-10-17,25705.869140625,25810.08984375,25479.16015625,25706.6796875,2982100
2018-10-18,25645.560546875,25691.4609375,25236.009765625,25379.44921875,3280200
2018-10-19,25421.08984375,25608.7109375,25350.01953125,25444.33984375,3508100
2018-10-22,25492.140625,25561.33984375,25236.05078125,25317.41015625,3149400
2018-10-23,25038.4609375,25307.69921875,24768.7890625,25191.4296875,4364300
2018-10-24,25172.880859375,25306.23046875,24533.189453125,24583.419921875,4964000
2018-10-25,24736.5390625,25104.2890625,24645.560546875,24984.55078125,4396700
2018-10-26,24770.25,24916.16015625,24445.189453125,24688.310546875,5053100
2018-10-29,24818.98046875,25040.580078125,24122.23046875,24442.919921875,4438500
2018-10-30,24482.0390625,24906.6796875,24415.689453125,24874.640625,4700500
2018-10-31,25008.8203125,25336.55078125,25008.8203125,25115.759765625,4489300
2018-11-01,25142.080078125,25396.470703125,25108.109375,25380.740234375,3839700
2018-11-02,25443.599609375,25578.98046875,25078.720703125,25270.830078125,4294800
2018-11-05,25261.470703125,25507.349609375,25261.470703125,25461.69921875,3347400
2018-11-06,25452.830078125,25651.859375,25444.900390625,25635.009765625,2654500
2018-11-07,25788.4609375,26200.140625,25765.880859375,26180.30078125,3617800
2018-11-08,26139.58984375,26277.8203125,26081.900390625,26191.220703125,2956500
2018-11-09,26149.109375,26161.490234375,25882.91015625,25989.30078125,3244500
2018-11-12,25959.330078125,25966.7109375,25340.509765625,25387.1796875,3469100
2018-11-13,25321.2109375,25511.029296875,25193.779296875,25286.490234375,3396900
2018-11-14,25388.080078125,25501.2890625,24935.8203125,25080.5,3842400
2018-11-15,25061.48046875,25354.560546875,24787.7890625,25289.26953125,3927500
2018-11-16,25242.349609375,25510.23046875,25147.80078125,25413.220703125,3544600
2018-11-19,25392.609375,25392.609375,24900.98046875,25017.439453125,3580900
2018-11-20,24618.6796875,24707.259765625,24368.98046875,24465.640625,4459200
2018-11-21,24541.650390625,24669.7890625,24463.279296875,24464.689453125,2893700
2018-11-23,24336.400390625,24408.80078125,24268.740234375,24285.94921875,1559400
2018-11-26,24364.130859375,24673.2890625,24364.130859375,24640.240234375,3062800
2018-11-27,24557.01953125,24750.73046875,24416.029296875,24748.73046875,3082500
2018-11-28,24832.83984375,25368.9296875,24832.83984375,25366.4296875,3621600
2018-11-29,25343.650390625,25479.0390625,25202.7890625,25338.83984375,3051100
2018-11-30,25307.140625,25549.7109375,25250.970703125,25538.4609375,4822500
2018-12-03,25779.5703125,25980.2109375,25670.509765625,25826.4296875,3884800
2018-12-04,25752.560546875,25773.119140625,25008.109375,25027.0703125,4189000
2018-12-06,24737.419921875,24951.009765625,24242.220703125,24947.669921875,4716900
2018-12-07,24918.8203125,25095.619140625,24284.779296875,24388.94921875,3982300
2018-12-10,24360.94921875,24500.810546875,23881.369140625,24423.259765625,3896900
2018-12-11,24719.91015625,24791.259765625,24221.060546875,24370.240234375,3429600
2018-12-12,24509.08984375,24828.2890625,24509.08984375,24527.26953125,3443300
2018-12-13,24575.859375,24740.9609375,24473.2890625,24597.380859375,2999700
2018-12-14,24408.0390625,24431.140625,24033.7890625,24100.509765625,4169400
2018-12-17,23986.830078125,24088.080078125,23456.880859375,23592.98046875,4667400
2018-12-18,23769.130859375,23927.76953125,23516.01953125,23675.640625,4080700
2018-12-19,23693.330078125,24057.33984375,23162.640625,23323.66015625,5035500
2018-12-20,23224.119140625,23282.19921875,22644.310546875,22859.599609375,5767000
2018-12-21,22871.740234375,23254.58984375,22396.33984375,22445.369140625,9005100
2018-12-24,22317.279296875,22339.869140625,21792.19921875,21792.19921875,3084200
2018-12-26,21857.73046875,22878.919921875,21712.529296875,22878.44921875,4330800
2018-12-27,22629.060546875,23138.890625,22267.419921875,23138.8203125,4079400
2018-12-28,23213.609375,23381.880859375,22981.330078125,23062.400390625,3365100
2018-12-31,23153.939453125,23333.1796875,23118.30078125,23327.4609375,2888300
2019-01-02,23058.609375,23413.470703125,22928.58984375,23346.240234375,3215700
2019-01-03,23176.390625,23176.390625,22638.41015625,22686.220703125,4242400
2019-01-04,22894.919921875,23518.640625,22894.919921875,23433.16015625,3960200
2019-01-07,23474.259765625,23687.740234375,23301.58984375,23531.349609375,3342000
2019-01-08,23680.3203125,23864.650390625,23581.44921875,23787.44921875,3174200
2019-01-09,23844.26953125,24084.7109375,23703.16015625,23879.119140625,3245700
2019-01-10,23811.109375,24014.779296875,23703.25,24001.919921875,3381500
2019-01-11,23940.009765625,23996.3203125,23798.16015625,23995.94921875,2626500
2019-01-14,23880.529296875,23964.900390625,23765.240234375,23909.83984375,2775600
2019-01-15,23914.109375,24099.140625,23887.9296875,24065.58984375,2915700
2019-01-16,24139.91015625,24288.609375,24119.720703125,24207.16015625,3028300
2019-01-17,24147.08984375,24474.4609375,24088.900390625,24370.099609375,2885900
2019-01-18,24534.189453125,24750.220703125,24459.029296875,24706.349609375,3729700
2019-01-22,24607.759765625,24607.759765625,24244.310546875,24404.48046875,3384800
2019-01-23,24577.25,24700.98046875,24307.169921875,24575.619140625,3186000
2019-01-24,24579.9609375,24626.30078125,24422.73046875,24553.240234375,3201700
2019-01-25,24687.2109375,24860.150390625,24676.75,24737.19921875,3768900
2019-01-28,24596.98046875,24596.98046875,24323.939453125,24528.220703125,3471700
2019-01-29,24519.619140625,24674.869140625,24504.0390625,24579.9609375,3308700
2019-01-30,24826.51953125,25109.619140625,24790.900390625,25014.859375,3973300
2019-01-31,24954.48046875,25049.619140625,24842.08984375,24999.669921875,5073500
2019-02-01,25025.310546875,25193.150390625,24982.490234375,25063.890625,3720900
2019-02-04,25062.119140625,25239.91015625,24977.669921875,25239.369140625,2985400
2019-02-05,25287.9296875,25427.3203125,25287.650390625,25411.51953125,3106500
2019-02-06,25371.5703125,25439.0390625,25312.060546875,25390.30078125,2475900
2019-02-07,25265.810546875,25314.259765625,25000.51953125,25169.529296875,2954600
2019-02-08,25042.359375,25106.390625,24883.0390625,25106.330078125,2482100
2019-02-11,25142.810546875,25196.75,25009.099609375,25053.109375,2417000
2019-02-12,25152.029296875,25458.98046875,25152.029296875,25425.759765625,2781100
2019-02-13,25480.859375,25625.94921875,25480.859375,25543.26953125,2633300
2019-02-14,25460.650390625,25558.900390625,25308.08984375,25439.390625,3130100
2019-02-15,25564.630859375,25883.720703125,25564.630859375,25883.25,3285300
2019-02-19,25849.849609375,25961.439453125,25820.009765625,25891.3203125,2806200
2019-02-20,25872.259765625,25986.19921875,25846.48046875,25954.439453125,2878800
2019-02-21,25922.41015625,25938.880859375,25762.2109375,25850.630859375,2557100
2019-02-22,25906.26953125,26052.900390625,25906.26953125,26031.810546875,2797600
2019-02-25,26126.150390625,26241.419921875,26080.66015625,26091.94921875,2816000
2019-02-26,26051.609375,26155.2890625,25966.009765625,26057.98046875,2578500
2019-02-27,25995.599609375,26039.6796875,25877.240234375,25985.16015625,2553800
2019-02-28,25984.279296875,26029.2109375,25896.560546875,25916.0,3385200
2019-03-01,26019.669921875,26143.919921875,25914.369140625,26026.3203125,2898900
2019-03-04,26122.189453125,26155.98046875,25611.55078125,25819.650390625,2955100
2019-03-05,25829.0703125,25877.150390625,25725.630859375,25806.630859375,2522600
2019-03-06,25818.759765625,25837.609375,25633.7109375,25673.4609375,2562500
2019-03-07,25645.44921875,25645.44921875,25352.55078125,25473.23046875,2891400
2019-03-08,25347.380859375,25466.140625,25252.4609375,25450.240234375,2705000
2019-03-11,25208.0,25661.630859375,25208.0,25650.880859375,3097900
2019-03-12,25600.30078125,25675.439453125,25522.169921875,25554.66015625,3177300
2019-03-13,25637.23046875,25776.490234375,25571.310546875,25702.890625,3314100
2019-03-14,25692.310546875,25752.83984375,25621.310546875,25709.939453125,3027900
2019-03-15,25720.9609375,25927.91015625,25649.69921875,25848.869140625,6169100
2019-03-18,25801.880859375,25924.76953125,25785.66015625,25914.099609375,3031700
2019-03-19,25987.869140625,26109.6796875,25814.919921875,25887.380859375,3422500
2019-03-20,25867.7890625,25929.51953125,25670.630859375,25745.669921875,3219800
2019-03-21,25688.439453125,26009.900390625,25657.779296875,25962.509765625,3352500
2019-03-22,25844.650390625,25877.009765625,25501.44921875,25502.3203125,3865100
2019-03-25,25490.720703125,25603.26953125,25372.259765625,25516.830078125,3031200
2019-03-26,25649.560546875,25796.2890625,25544.779296875,25657.73046875,3051100
2019-03-27,25676.33984375,25758.169921875,25425.26953125,25625.58984375,2703400
2019-03-28,25693.3203125,25743.41015625,25576.689453125,25717.4609375,2371700
2019-03-29,25827.310546875,25949.3203125,25771.669921875,25928.6796875,3006200
2019-04-01,26075.099609375,26280.900390625,26071.689453125,26258.419921875,2955700
2019-04-02,26213.55078125,26221.240234375,26122.310546875,26179.130859375,2509400
2019-04-03,26238.029296875,26282.169921875,26138.470703125,26218.130859375,2719800
2019-04-04,26213.419921875,26398.900390625,26212.779296875,26384.630859375,2330400
2019-04-05,26427.560546875,26487.5703125,26370.8203125,26424.990234375,2295500
2019-04-08,26312.669921875,26344.650390625,26246.029296875,26341.01953125,2293800
2019-04-09,26243.5390625,26246.33984375,26103.140625,26150.580078125,2444100
2019-04-10,26173.7109375,26209.490234375,26101.240234375,26157.16015625,2031300
2019-04-11,26188.2109375,26229.880859375,26062.58984375,26143.05078125,2116800
2019-04-12,26357.7890625,26436.6796875,26309.720703125,26412.30078125,3699100
2019-04-15,26407.759765625,26424.849609375,26316.419921875,26384.76953125,2506200
2019-04-16,26482.189453125,26530.7109375,26397.189453125,26452.66015625,3023400
2019-04-17,26468.529296875,26501.01953125,26391.859375,26449.5390625,3677800
2019-04-18,26463.369140625,26602.419921875,26444.529296875,26559.5390625,3328500
2019-04-22,26510.76953125,26553.05078125,26458.609375,26511.05078125,2325700
2019-04-23,26513.830078125,26695.9609375,26503.560546875,26656.390625,3116900
2019-04-24,26652.560546875,26680.580078125,26582.859375,26597.05078125,2833700
2019-04-25,26426.369140625,26536.48046875,26310.279296875,26462.080078125,2967300
2019-04-26,26454.619140625,26543.560546875,26392.55078125,26543.330078125,3172900
2019-04-29,26559.869140625,26602.5390625,26520.75,26554.390625,2794500
2019-04-30,26594.560546875,26614.0390625,26419.470703125,26592.91015625,3403200
2019-05-01,26639.060546875,26689.390625,26426.380859375,26430.140625,3038500
2019-05-02,26407.150390625,26454.689453125,26180.359375,26307.7890625,2876100
2019-05-03,26379.140625,26534.9609375,26370.08984375,26504.94921875,2489000
2019-05-06,26160.619140625,26476.26953125,26033.94921875,26438.48046875,2830200
2019-05-07,26276.900390625,26276.900390625,25789.7109375,25965.08984375,3349600
2019-05-08,25933.7890625,26118.099609375,25889.41015625,25967.330078125,2764200
2019-05-09,25878.849609375,25884.890625,25517.390625,25828.359375,3347600
2019-05-10,25763.720703125,26019.3203125,25469.859375,25942.369140625,2945800
2019-05-13,25568.060546875,25568.060546875,25222.509765625,25324.990234375,3612400
2019-05-14,25384.029296875,25688.9609375,25384.029296875,25532.05078125,2915700
2019-05-15,25400.130859375,25724.890625,25341.939453125,25648.01953125,2707200
2019-05-16,25692.140625,25957.630859375,25692.140625,25862.6796875,3209600
2019-05-17,25719.94921875,25948.740234375,25657.779296875,25764.0,2837600
2019-05-20,25655.310546875,25751.7109375,25560.55078125,25679.900390625,2795600
2019-05-21,25782.33984375,25898.26953125,25779.609375,25877.330078125,2608700
2019-05-22,25818.4609375,25878.2109375,25755.109375,25776.609375,2417600
2019-05-23,25657.990234375,25657.990234375,25328.08984375,25490.470703125,3169400
2019-05-24,25551.0703125,25670.810546875,25496.19921875,25585.689453125,2013700
2019-05-28,25616.55078125,25717.630859375,25342.279296875,25347.76953125,3589800
2019-05-29,25231.4609375,25231.4609375,24938.240234375,25126.41015625,2989300
2019-05-30,25139.939453125,25218.5390625,25066.75,25169.880859375,2152400
2019-05-31,25046.310546875,25046.310546875,24809.509765625,24815.0390625,2922300
2019-06-03,24830.16015625,24935.2109375,24680.5703125,24819.779296875,3282400
2019-06-04,24962.8203125,25343.76953125,24962.8203125,25332.1796875,2816900
2019-06-05,25451.0,25544.66015625,25373.580078125,25539.5703125,2626600
2019-06-06,25567.44921875,25800.30078125,25518.05078125,25720.66015625,2480700
2019-06-07,25768.720703125,26072.75,25768.720703125,25983.939453125,2630100
2019-06-10,26090.220703125,26210.609375,26054.310546875,26062.6796875,2492800
2019-06-11,26180.58984375,26248.669921875,25998.869140625,26048.509765625,2534900
2019-06-12,26040.30078125,26082.099609375,25958.66015625,26004.830078125,2236900
2019-06-13,26036.939453125,26146.91015625,25995.7109375,26106.76953125,2134000
2019-06-14,26076.359375,26162.279296875,25988.08984375,26089.609375,2080200
2019-06-17,26108.529296875,26165.779296875,26049.80078125,26112.529296875,1995000
2019-06-18,26228.900390625,26527.189453125,26227.80078125,26465.5390625,2734900
2019-06-19,26490.16015625,26569.75,26415.05078125,26504.0,2409500
2019-06-20,26665.380859375,26798.630859375,26539.689453125,26753.169921875,2781700
2019-06-21,26749.119140625,26907.369140625,26705.869140625,26719.130859375,4855600
2019-06-24,26727.609375,26806.51953125,26723.369140625,26727.5390625,2323900
2019-06-25,26731.609375,26752.310546875,26527.66015625,26548.220703125,2821600
2019-06-26,26599.419921875,26660.0390625,26536.330078125,26536.8203125,2743400
2019-06-27,26523.720703125,26607.240234375,26465.3203125,26526.580078125,2469300
2019-06-28,26605.9296875,26638.349609375,26522.26953125,26599.9609375,4993500
2019-07-01,26805.859375,26890.640625,26616.2109375,26717.4296875,2676700
2019-07-02,26719.529296875,26787.560546875,26632.650390625,26786.6796875,2192700
2019-07-03,26832.3203125,26966.0,26831.439453125,26966.0,1498400
2019-07-05,26867.75,26950.810546875,26733.330078125,26922.119140625,1921700
2019-07-08,26835.640625,26839.140625,26744.869140625,26806.140625,2142900
2019-07-09,26725.119140625,26807.69921875,26665.5703125,26783.490234375,2183300
2019-07-10,26851.9609375,26983.44921875,26813.109375,26860.19921875,2079900
2019-07-11,26950.16015625,27088.44921875,26916.3203125,27088.080078125,2523000
2019-07-12,27139.490234375,27333.7890625,27135.44921875,27332.029296875,2483900
2019-07-15,27364.689453125,27364.689453125,27294.169921875,27359.16015625,1997300
2019-07-16,27349.3203125,27398.6796875,27290.240234375,27335.630859375,2260000
2019-07-17,27320.91015625,27343.060546875,27218.380859375,27219.849609375,1939300
2019-07-18,27191.98046875,27266.810546875,27068.7890625,27222.970703125,2160700
2019-07-19,27246.380859375,27342.9609375,27145.779296875,27154.19921875,2876900
2019-07-22,27174.1796875,27227.76953125,27088.900390625,27171.900390625,2163100
2019-07-23,27231.859375,27368.810546875,27204.580078125,27349.189453125,2488500
2019-07-24,27262.240234375,27291.0390625,27191.119140625,27269.970703125,2443200
2019-07-25,27247.390625,27298.4296875,27062.48046875,27140.98046875,2414200
2019-07-26,27166.0,27213.69921875,27123.25,27192.44921875,2336500
2019-07-29,27192.240234375,27275.849609375,27178.060546875,27221.349609375,2508500
2019-07-30,27145.390625,27224.359375,27069.859375,27198.01953125,2932500
2019-07-31,27244.669921875,27281.650390625,26719.599609375,26864.26953125,3851500
2019-08-01,26879.859375,27175.58984375,26548.7109375,26583.419921875,3863200
2019-08-02,26528.66015625,26570.01953125,26249.220703125,26485.009765625,3276400
2019-08-05,26259.23046875,26259.23046875,25523.380859375,25717.740234375,4222400
2019-08-06,25810.619140625,26038.6796875,25710.869140625,26029.51953125,3181600
2019-08-07,25814.220703125,26073.2109375,25440.390625,26007.0703125,3447900
2019-08-08,26086.51953125,26383.609375,26038.099609375,26378.189453125,2825300
2019-08-09,26337.08984375,26413.359375,26097.640625,26287.439453125,2402600
2019-08-12,26169.91015625,26178.94921875,25824.939453125,25896.439453125,1993900
2019-08-13,25888.880859375,26426.970703125,25833.25,26279.91015625,3089000
2019-08-14,26035.080078125,26035.080078125,25471.58984375,25479.419921875,3522500
2019-08-15,25514.25,25639.689453125,25339.599609375,25579.390625,3326000
2019-08-16,25678.169921875,25929.650390625,25678.169921875,25886.009765625,2762100
2019-08-19,26020.060546875,26222.3203125,26020.060546875,26135.7890625,2526400
2019-08-20,26086.859375,26160.119140625,25952.0,25962.439453125,2381000
2019-08-21,26145.359375,26268.3203125,26141.76953125,26202.73046875,2087900
2019-08-22,26271.640625,26388.779296875,26099.009765625,26252.240234375,2228100
2019-08-23,26134.2109375,26320.2890625,25507.1796875,25628.900390625,3642600
2019-08-26,25826.05078125,25941.25,25716.390625,25898.830078125,2227800
2019-08-27,26014.4609375,26054.01953125,25721.849609375,25777.900390625,2635300
2019-08-28,25712.990234375,26041.5703125,25637.4296875,26036.099609375,2070700
2019-08-29,26249.08984375,26408.83984375,26185.7109375,26362.25,2086500
2019-08-30,26476.390625,26514.619140625,26295.58984375,26403.279296875,2161600
2019-09-03,26198.259765625,26198.259765625,25978.220703125,26118.01953125,2232100
2019-09-04,26301.990234375,26362.349609375,26244.439453125,26355.470703125,2027100
2019-09-05,26603.150390625,26836.30078125,26603.150390625,26728.150390625,2566700
2019-09-06,26790.25,26860.869140625,26708.390625,26797.4609375,2097000
2019-09-09,26866.23046875,26900.830078125,26762.1796875,26835.509765625,2731200
2019-09-10,26805.830078125,26909.4296875,26717.05078125,26909.4296875,3223400
2019-09-11,26928.05078125,27137.0390625,26885.48046875,27137.0390625,2725900
2019-09-12,27197.3203125,27306.73046875,27105.009765625,27182.44921875,2500100
2019-09-13,27216.669921875,27277.55078125,27193.94921875,27219.51953125,2552600
2019-09-16,27146.060546875,27172.869140625,27032.560546875,27076.8203125,2206200
2019-09-17,27010.119140625,27110.80078125,26984.140625,27110.80078125,2235800
2019-09-18,27075.390625,27161.9296875,26899.150390625,27147.080078125,2128600
2019-09-19,27186.05078125,27272.169921875,27064.2109375,27094.7890625,2123600
2019-09-20,27102.1796875,27194.75,26926.6796875,26935.0703125,4976400
2019-09-23,26851.44921875,27011.0703125,26831.33984375,26949.990234375,2042400
2019-09-24,27034.0703125,27079.6796875,26704.9609375,26807.76953125,3017500
2019-09-25,26866.7109375,27016.560546875,26755.859375,26970.7109375,2372200
2019-09-26,27004.109375,27015.0703125,26803.83984375,26891.119140625,2291800
2019-09-27,26987.259765625,27012.5390625,26715.8203125,26820.25,2177800
2019-09-30,26852.330078125,26998.859375,26852.330078125,26916.830078125,2226800
2019-10-01,26962.5390625,27046.2109375,26562.220703125,26573.0390625,2601100
2019-10-02,26425.859375,26438.0390625,25974.119140625,26078.619140625,3096400
2019-10-03,26039.01953125,26205.19921875,25743.4609375,26201.0390625,2416100
2019-10-04,26271.69921875,26590.740234375,26271.69921875,26573.720703125,2213100
2019-10-07,26502.330078125,26655.83984375,26424.5390625,26478.01953125,1952000
2019-10-08,26276.58984375,26421.810546875,26139.80078125,26164.0390625,2445900
2019-10-09,26308.23046875,26424.310546875,26249.75,26346.009765625,1900600
2019-10-10,26317.349609375,26603.310546875,26314.509765625,26496.669921875,2176800
2019-10-11,26694.19921875,27013.970703125,26694.19921875,26816.58984375,2820800
2019-10-14,26766.4296875,26874.330078125,26749.1796875,26787.359375,1786200
2019-10-15,26811.19921875,27120.109375,26811.19921875,27024.80078125,2455100
2019-10-16,26972.310546875,27058.33984375,26943.2890625,27001.98046875,2146600
2019-10-17,27032.380859375,27112.16015625,26970.2890625,27025.880859375,2225400
2019-10-18,27004.490234375,27018.25,26770.130859375,26770.19921875,2889700
2019-10-21,26852.669921875,26852.669921875,26747.619140625,26827.640625,2410300
2019-10-22,26850.4296875,26946.640625,26782.609375,26788.099609375,2655100
2019-10-23,26835.240234375,26896.890625,26745.0,26833.94921875,2476800
2019-10-24,26893.9296875,26931.779296875,26714.33984375,26805.529296875,2535900
2019-10-25,26789.609375,27015.369140625,26765.6796875,26958.060546875,2746100
2019-10-28,27040.330078125,27167.880859375,27028.7109375,27090.720703125,2907700
2019-10-29,27061.0703125,27165.939453125,27039.759765625,27071.4609375,2696100
2019-10-30,27110.7109375,27204.359375,26999.640625,27186.689453125,2317500
2019-10-31,27188.369140625,27188.369140625,26918.2890625,27046.23046875,2738300
2019-11-01,27142.94921875,27347.4296875,27142.94921875,27347.359375,2708700
2019-11-04,27402.060546875,27517.580078125,27402.060546875,27462.109375,2730300
2019-11-05,27500.23046875,27560.359375,27453.55078125,27492.630859375,2863500
2019-11-06,27502.740234375,27526.05078125,27407.810546875,27492.560546875,2379100
2019-11-07,27590.16015625,27774.669921875,27590.16015625,27674.80078125,2590200
2019-11-08,27686.19921875,27694.94921875,27578.970703125,27681.240234375,2214400
2019-11-11,27580.66015625,27714.390625,27517.669921875,27691.490234375,2023500
2019-11-12,27701.58984375,27770.859375,27635.3203125,27691.490234375,2136700
2019-11-13,27622.0390625,27806.400390625,27587.19921875,27783.58984375,2783900
2019-11-14,27757.19921875,27800.7109375,27676.970703125,27781.9609375,3039700
2019-11-15,27843.5390625,28004.890625,27843.5390625,28004.890625,2837200
2019-11-18,27993.220703125,28040.970703125,27969.240234375,28036.220703125,2523200
2019-11-19,28079.759765625,28090.2109375,27894.51953125,27934.01953125,2458900
2019-11-20,27879.55078125,27897.279296875,27675.279296875,27821.08984375,2581400
2019-11-21,27820.279296875,27828.330078125,27708.33984375,27766.2890625,2320200
2019-11-22,27831.23046875,27898.4609375,27773.98046875,27875.619140625,2147800
2019-11-25,27917.76953125,28068.689453125,27917.76953125,28066.470703125,2484200
2019-11-26,28080.75,28146.01953125,28042.2109375,28121.6796875,3240500
2019-11-27,28156.470703125,28174.970703125,28075.23046875,28164.0,1982100
2019-11-29,28103.16015625,28119.509765625,28042.529296875,28051.41015625,1206300
2019-12-02,28109.740234375,28109.83984375,27782.349609375,27783.0390625,2366100
2019-12-03,27501.98046875,27524.740234375,27325.130859375,27502.810546875,2753500
2019-12-04,27634.630859375,27727.44921875,27612.080078125,27649.779296875,2182000
2019-12-05,27736.05078125,27745.19921875,27562.80078125,27677.7890625,2086000
2019-12-06,27839.6796875,28035.849609375,27839.6796875,28015.060546875,2233100
2019-12-09,27987.05078125,28010.419921875,27906.140625,27909.599609375,2170000
2019-12-10,27900.650390625,27949.01953125,27804.0,27881.720703125,2132500
2019-12-11,27867.310546875,27925.5,27801.80078125,27911.30078125,2135100
2019-12-12,27898.33984375,28224.94921875,27859.869140625,28132.05078125,2777400
2019-12-13,28123.640625,28290.73046875,28028.3203125,28135.380859375,2506600
2019-12-16,28191.669921875,28337.490234375,28191.669921875,28235.890625,2867700
2019-12-17,28221.75,28328.630859375,28220.560546875,28267.16015625,2867700
2019-12-18,28291.439453125,28323.25,28239.279296875,28239.279296875,2898900
2019-12-19,28278.310546875,28381.48046875,28278.240234375,28376.9609375,2625700
2019-12-20,28608.640625,28608.640625,28445.599609375,28455.08984375,6037800
2019-12-23,28491.779296875,28582.490234375,28491.779296875,28551.529296875,2235300
2019-12-24,28572.5703125,28576.80078125,28503.2109375,28515.44921875,861500
2019-12-26,28539.4609375,28624.099609375,28535.150390625,28621.390625,1559700
2019-12-27,28675.33984375,28701.66015625,28608.98046875,28645.259765625,1822800
2019-12-30,28654.759765625,28664.689453125,28428.98046875,28462.140625,1816000
2019-12-31,28414.640625,28547.349609375,28376.490234375,28538.439453125,1933400
2020-01-02,28638.970703125,28872.80078125,28627.76953125,28868.80078125,2518200
2020-01-03,28553.330078125,28716.310546875,28500.359375,28634.880859375,2395900
2020-01-06,28465.5,28708.01953125,28418.630859375,28703.380859375,2527600
2020-01-07,28639.1796875,28685.5,28565.279296875,28583.6796875,2589000
2020-01-08,28556.140625,28866.1796875,28522.509765625,28745.08984375,2917500
2020-01-09,28851.970703125,28988.009765625,28844.310546875,28956.900390625,2750600
2020-01-10,28977.51953125,29009.0703125,28789.099609375,28823.76953125,2378300
2020-01-13,28869.009765625,28909.91015625,28819.4296875,28907.05078125,2498300
2020-01-14,28895.5,29054.16015625,28872.26953125,28939.669921875,2874400
2020-01-15,28901.80078125,29127.58984375,28897.349609375,29030.220703125,2602700
2020-01-16,29131.94921875,29300.3203125,29131.94921875,29297.640625,2521100
2020-01-17,29313.310546875,29373.619140625,29289.91015625,29348.099609375,3218200
2020-01-21,29269.05078125,29341.2109375,29146.470703125,29196.0390625,3206400
2020-01-22,29263.630859375,29320.19921875,29172.259765625,29186.26953125,2834400
2020-01-23,29111.01953125,29190.470703125,28966.98046875,29160.08984375,3070600
2020-01-24,29230.390625,29288.7890625,28843.310546875,28989.73046875,3800100
2020-01-27,28542.490234375,28671.7890625,28440.470703125,28535.80078125,3372700
2020-01-28,28594.279296875,28823.23046875,28575.75,28722.849609375,3301400
2020-01-29,28820.529296875,28944.240234375,28728.189453125,28734.44921875,3022900
2020-01-30,28640.16015625,28879.7109375,28489.759765625,28859.439453125,3268500
2020-01-31,28813.0390625,28813.0390625,28169.529296875,28256.029296875,4038900
2020-02-03,28319.650390625,28630.390625,28319.650390625,28399.810546875,3079100
2020-02-04,28696.740234375,28904.880859375,28696.740234375,28807.630859375,3327500
2020-02-05,29048.73046875,29308.890625,29000.849609375,29290.849609375,3575400
2020-02-06,29388.580078125,29408.05078125,29246.9296875,29379.76953125,2637000
2020-02-07,29286.919921875,29286.919921875,29056.98046875,29102.509765625,2528600
2020-02-10,28995.66015625,29278.0703125,28995.66015625,29276.8203125,2505100
2020-02-11,29390.7109375,29415.390625,29210.470703125,29276.33984375,2795400
2020-02-12,29406.75,29568.5703125,29406.75,29551.419921875,3095300
2020-02-13,29436.029296875,29535.400390625,29345.9296875,29423.310546875,2911500
2020-02-14,29440.470703125,29463.0390625,29283.1796875,29398.080078125,2310000
2020-02-18,29282.779296875,29330.16015625,29116.810546875,29232.189453125,2566000
2020-02-19,29312.69921875,29409.08984375,29274.380859375,29348.029296875,2406400
2020-02-20,29296.25,29368.44921875,28959.650390625,29219.98046875,2877800
2020-02-21,29146.529296875,29146.529296875,28892.69921875,28992.41015625,3112100
2020-02-24,28402.9296875,28402.9296875,27912.439453125,27960.80078125,4525800
2020-02-25,28037.650390625,28149.19921875,26997.619140625,27081.359375,5132700
2020-02-26,27159.4609375,27542.779296875,26890.970703125,26957.58984375,4724500
2020-02-27,26526.0,26775.310546875,25752.8203125,25766.640625,6649800
2020-02-28,25270.830078125,25494.240234375,24681.009765625,25409.359375,9159900
2020-03-02,25590.509765625,26706.169921875,25391.9609375,26703.3203125,6372000
2020-03-03,26762.470703125,27084.58984375,25706.279296875,25917.41015625,6470800
2020-03-04,26383.6796875,27102.33984375,26286.310546875,27090.859375,4575900
2020-03-05,26671.919921875,26671.919921875,25943.330078125,26121.279296875,4773700
2020-03-06,25457.2109375,25994.380859375,25226.619140625,25864.779296875,5997800
2020-03-09,24992.359375,24992.359375,23706.0703125,23851.01953125,7504300
2020-03-10,24453.0,25020.990234375,23690.33984375,25018.16015625,6548600
2020-03-11,24604.630859375,24604.630859375,23328.3203125,23553.220703125,6639600
2020-03-12,22184.7109375,22837.94921875,21154.4609375,21200.619140625,9082600
2020-03-13,21973.8203125,23189.759765625,21285.369140625,23185.619140625,8430800
2020-03-16,20917.529296875,21768.279296875,20116.4609375,20188.51953125,7701300
2020-03-17,20487.05078125,21379.349609375,19882.259765625,21237.380859375,7930600
2020-03-18,20188.689453125,20489.330078125,18917.4609375,19898.919921875,8713600
2020-03-19,19830.009765625,20442.630859375,19177.130859375,20087.189453125,7803000
2020-03-20,20253.150390625,20531.259765625,19094.26953125,19173.98046875,8722900
2020-03-23,19028.359375,19121.009765625,18213.650390625,18591.9296875,7879700
2020-03-24,19722.189453125,20737.69921875,19649.25,20704.91015625,7993400
2020-03-25,21050.33984375,22019.9296875,20538.33984375,21200.55078125,7963200
2020-03-26,21468.380859375,22595.060546875,21427.099609375,22552.169921875,7051800
2020-03-27,21898.470703125,22327.5703125,21469.26953125,21636.779296875,5888300
2020-03-30,21678.220703125,22378.08984375,21522.080078125,22327.48046875,5455400
2020-03-31,22208.419921875,22480.369140625,21852.080078125,21917.16015625,5712100
2020-04-01,21227.380859375,21487.240234375,20784.4296875,20943.509765625,5066800
2020-04-02,20819.4609375,21477.76953125,20735.01953125,21413.439453125,5295400
2020-04-03,21285.9296875,21447.810546875,20863.08984375,21052.529296875,4500100
2020-04-06,21693.630859375,22783.44921875,21693.630859375,22679.990234375,6107600
2020-04-07,23537.439453125,23617.240234375,22634.44921875,22653.859375,5946600
2020-04-08,22893.470703125,23513.400390625,22682.990234375,23433.5703125,4727400
2020-04-09,23690.66015625,24008.990234375,23504.08984375,23719.369140625,5664000
2020-04-13,23698.9296875,23698.9296875,23095.349609375,23390.76953125,3943200
2020-04-14,23690.5703125,24040.580078125,23683.439453125,23949.759765625,4859100
2020-04-15,23600.720703125,23649.720703125,23233.3203125,23504.349609375,4376300
2020-04-16,23543.66015625,23598.080078125,23211.380859375,23537.6796875,4710500
2020-04-17,23817.150390625,24264.2109375,23817.150390625,24242.490234375,5259500
2020-04-20,24095.099609375,24108.689453125,23627.189453125,23650.439453125,4234100
2020-04-21,23365.25,23365.25,22941.880859375,23018.880859375,4851400
2020-04-22,23437.33984375,23613.099609375,23339.599609375,23475.8203125,3528800
2020-04-23,23543.08984375,23885.359375,23483.349609375,23515.259765625,3892900
2020-04-24,23628.240234375,23826.0,23417.6796875,23775.26953125,3760200
2020-04-27,23866.150390625,24207.650390625,23840.609375,24133.779296875,3893900
2020-04-28,24357.169921875,24512.240234375,24031.19921875,24101.55078125,4002500
2020-04-29,24490.369140625,24764.76953125,24453.990234375,24633.859375,4552900
2020-04-30,24585.5703125,24585.5703125,24186.900390625,24345.720703125,4878400
2020-05-01,24120.779296875,24120.779296875,23645.30078125,23723.689453125,4181600
2020-05-04,23581.55078125,23769.560546875,23361.16015625,23749.759765625,3553600
2020-05-05,23958.880859375,24169.720703125,23868.91015625,23883.08984375,3697100
2020-05-06,23978.880859375,24054.58984375,23661.140625,23664.640625,3774500
2020-05-07,23837.2109375,24094.619140625,23834.390625,23875.890625,3698900
2020-05-08,24107.8203125,24349.900390625,24107.05078125,24331.3203125,3357600
2020-05-11,24256.44921875,24366.2109375,24070.220703125,24221.990234375,3524000
2020-05-12,24292.83984375,24382.08984375,23761.580078125,23764.779296875,3594800
2020-05-13,23702.16015625,23708.900390625,23067.640625,23247.970703125,4699500
2020-05-14,23049.060546875,23630.859375,22789.619140625,23625.33984375,4727000
2020-05-15,23454.830078125,23730.080078125,23354.150390625,23685.419921875,4915100
2020-05-18,24059.98046875,24708.5390625,24059.98046875,24597.369140625,4841900
2020-05-19,24577.48046875,24599.5,24202.9609375,24206.859375,3741000
2020-05-20,24455.939453125,24649.48046875,24455.939453125,24575.900390625,3665100
2020-05-21,24564.26953125,24718.4609375,24370.880859375,24474.119140625,3467700
2020-05-22,24461.98046875,24481.640625,24294.0703125,24465.16015625,2556600
2020-05-26,24781.83984375,25176.419921875,24781.83984375,24995.109375,4243800
2020-05-27,25298.630859375,25551.560546875,25009.869140625,25548.26953125,4112300
2020-05-28,25697.359375,25758.7890625,25358.73046875,25400.640625,3778000
2020-05-29,25324.150390625,25482.80078125,25031.669921875,25383.109375,5276200
2020-06-01,25342.990234375,25508.830078125,25220.66015625,25475.01953125,3383100
2020-06-02,25582.51953125,25743.130859375,25523.740234375,25742.650390625,3526100
2020-06-03,25906.880859375,26337.75,25906.880859375,26269.890625,3987900
2020-06-04,26226.490234375,26384.099609375,26082.310546875,26281.8203125,3721900
2020-06-05,26836.80078125,27338.30078125,26836.80078125,27110.98046875,5423100
2020-06-08,27232.9296875,27580.2109375,27232.48046875,27572.439453125,4302000
2020-06-09,27447.369140625,27447.369140625,27151.060546875,27272.30078125,3814300
2020-06-10,27251.890625,27355.220703125,26938.05078125,26989.990234375,4489300
2020-06-11,26282.509765625,26294.080078125,25082.720703125,25128.169921875,6477800
2020-06-12,25659.419921875,25965.55078125,25078.41015625,25605.5390625,5144400
2020-06-15,25270.390625,25891.580078125,24843.1796875,25763.16015625,4612300
2020-06-16,26326.6796875,26611.029296875,25811.69921875,26289.98046875,4895000
2020-06-17,26330.51953125,26400.0703125,26068.41015625,26119.609375,3288300
2020-06-18,26016.44921875,26154.19921875,25848.529296875,26080.099609375,3283900
2020-06-19,26213.099609375,26451.439453125,25759.66015625,25871.4609375,6693900
2020-06-22,25865.080078125,26059.810546875,25667.6796875,26024.9609375,3517800
2020-06-23,26159.390625,26314.970703125,26105.970703125,26156.099609375,3899800
2020-06-24,25992.9609375,25992.9609375,25296.73046875,25445.939453125,4501200
2020-06-25,25365.220703125,25769.609375,25209.7890625,25745.599609375,3845600
2020-06-26,25641.689453125,25641.689453125,24971.029296875,25015.55078125,6408600
2020-06-29,25152.44921875,25601.150390625,25096.16015625,25595.80078125,3780700
2020-06-30,25512.4296875,25905.380859375,25475.140625,25812.880859375,4107800
2020-07-01,25879.380859375,26019.310546875,25713.609375,25734.970703125,3731800
2020-07-02,25936.44921875,26204.41015625,25778.119140625,25827.359375,3491300
2020-07-06,25996.080078125,26297.529296875,25996.080078125,26287.029296875,3406900
2020-07-07,26172.009765625,26174.9296875,25866.580078125,25890.1796875,3468200
2020-07-08,25950.060546875,26109.490234375,25816.25,26067.279296875,3373000
2020-07-09,26094.919921875,26103.279296875,25523.509765625,25706.08984375,3876100
2020-07-10,25690.349609375,26101.3203125,25637.5,26075.30078125,3381700
2020-07-13,26225.0703125,26639.08984375,26044.23046875,26085.80078125,4253200
2020-07-14,26044.169921875,26690.51953125,25994.98046875,26642.58984375,4016400
2020-07-15,27009.810546875,27071.330078125,26692.48046875,26870.099609375,3849000
2020-07-16,26746.5703125,26879.16015625,26590.009765625,26734.7109375,2873300
2020-07-17,26774.619140625,26808.4296875,26619.880859375,26671.94921875,2964600
2020-07-20,26660.2890625,26765.01953125,26504.19921875,26680.869140625,3093900
2020-07-21,26833.140625,27025.380859375,26766.220703125,26840.400390625,3649300
2020-07-22,26824.560546875,27035.240234375,26794.189453125,27005.83984375,4043400
2020-07-23,26955.970703125,26973.849609375,26560.0390625,26652.330078125,4198000
2020-07-24,26533.41015625,26625.69921875,26402.859375,26469.890625,4941700
2020-07-27,26447.669921875,26625.4609375,26426.919921875,26584.76953125,4009300
2020-07-28,26529.44921875,26556.83984375,26361.7109375,26379.279296875,3610900
2020-07-29,26388.439453125,26602.44921875,26375.390625,26539.5703125,3475800
2020-07-30,26367.419921875,26374.9296875,25992.279296875,26313.650390625,3515400
2020-07-31,26409.330078125,26440.01953125,26013.58984375,26428.3203125,4880500
2020-08-03,26542.3203125,26707.259765625,26534.380859375,26664.400390625,4393800
2020-08-04,26664.609375,26832.720703125,26597.8203125,26828.470703125,3463500
2020-08-05,26924.779296875,27221.669921875,26924.779296875,27201.51953125,3660000
2020-08-06,27170.8203125,27394.099609375,27145.25,27386.98046875,3224600
2020-08-07,27321.6796875,27456.240234375,27223.55078125,27433.48046875,3211700
2020-08-10,27488.2109375,27803.859375,27488.2109375,27791.439453125,3603400
2020-08-11,27961.640625,28154.880859375,27624.509765625,27686.91015625,4282200
2020-08-12,27860.240234375,28043.890625,27843.3203125,27976.83984375,3402100
2020-08-13,27922.509765625,27986.099609375,27789.779296875,27896.720703125,3601600
2020-08-14,27828.9296875,27977.810546875,27759.390625,27931.01953125,2755400
2020-08-17,27970.05078125,27999.810546875,27816.400390625,27844.91015625,2868600
2020-08-18,27853.48046875,27891.119140625,27668.7890625,27778.0703125,2761700
2020-08-19,27811.259765625,27920.419921875,27647.669921875,27692.880859375,3114600
2020-08-20,27622.6796875,27781.4609375,27526.25,27739.73046875,3045500
2020-08-21,27758.130859375,27959.48046875,27686.779296875,27930.330078125,3727200
2020-08-24,28077.580078125,28314.939453125,28041.75,28308.4609375,3838800
2020-08-25,28347.419921875,28400.740234375,28094.5703125,28248.439453125,3384200
2020-08-26,28257.880859375,28353.80078125,28153.91015625,28331.919921875,3270700
2020-08-27,28384.0703125,28634.220703125,28363.9296875,28492.26953125,4043400
2020-08-28,28601.2890625,28733.349609375,28487.98046875,28653.869140625,3697400
2020-08-31,28643.66015625,28643.66015625,28363.55078125,28430.05078125,5173200
2020-09-01,28439.609375,28659.259765625,28290.720703125,28645.66015625,4234100
2020-09-02,28736.7890625,29162.880859375,28713.529296875,29100.5,5395100
2020-09-03,29090.69921875,29199.349609375,28074.759765625,28292.73046875,6500800
2020-09-04,28341.05078125,28539.75,27664.6796875,28133.310546875,6946400
2020-09-08,27925.23046875,27925.23046875,27464.900390625,27500.890625,5808600
2020-09-09,27711.7109375,28206.2109375,27704.5390625,27940.470703125,4605900
2020-09-10,28022.509765625,28174.779296875,27447.080078125,27534.580078125,4428500
2020-09-11,27613.859375,27828.8203125,27448.150390625,27665.640625,4353300
2020-09-14,27718.740234375,28086.060546875,27718.740234375,27993.330078125,3807500
2020-09-15,28139.759765625,28231.060546875,27931.44921875,27995.599609375,4145200
2020-09-16,28031.689453125,28364.76953125,28021.669921875,28032.380859375,4166500
2020-09-17,27834.1796875,28056.7890625,27647.9296875,27901.98046875,4372300
2020-09-18,27864.869140625,27946.689453125,27487.970703125,27657.419921875,6987100
2020-09-21,27484.7109375,27484.7109375,26715.150390625,27147.69921875,5236600
2020-09-22,27170.33984375,27333.08984375,26989.9296875,27288.1796875,4207200
2020-09-23,27413.599609375,27464.4609375,26716.119140625,26763.130859375,4594700
2020-09-24,26716.08984375,27094.849609375,26537.009765625,26815.439453125,4478100
2020-09-25,26694.509765625,27239.2890625,26635.380859375,27173.9609375,3889000
2020-09-28,27362.140625,27722.599609375,27362.140625,27584.060546875,4018600
2020-09-29,27560.240234375,27605.599609375,27338.08984375,27452.66015625,3038200
2020-09-30,27514.640625,28026.330078125,27511.060546875,27781.69921875,4525500
2020-10-01,27940.630859375,28041.4609375,27669.259765625,27816.900390625,3734500
2020-10-02,27536.390625,27861.4296875,27382.939453125,27682.810546875,3927700
2020-10-05,27825.419921875,28162.640625,27825.419921875,28148.640625,3182100
2020-10-06,28214.240234375,28354.48046875,27728.029296875,27772.759765625,4350300
2020-10-07,27971.359375,28369.66015625,27971.359375,28303.4609375,3287500
2020-10-08,28348.859375,28459.130859375,28265.560546875,28425.509765625,3147500
2020-10-09,28533.609375,28676.2890625,28440.630859375,28586.900390625,3240500
2020-10-12,28671.119140625,28957.900390625,28659.669921875,28837.51953125,4936800
2020-10-13,28764.94921875,28808.83984375,28604.349609375,28679.810546875,5261100
2020-10-14,28731.30078125,28792.560546875,28461.73046875,28514.0,3708000
2020-10-15,28323.400390625,28535.849609375,28181.5390625,28494.19921875,3289400
2020-10-16,28570.720703125,28842.900390625,28570.720703125,28606.310546875,3561400
2020-10-19,28633.55078125,28711.9296875,28139.400390625,28195.419921875,3587000
2020-10-20,28245.849609375,28575.029296875,28243.0390625,28308.7890625,3502200
2020-10-21,28270.66015625,28450.640625,28196.390625,28210.8203125,2994200
2020-10-22,28197.419921875,28421.310546875,28040.1796875,28363.66015625,3303200
2020-10-23,28409.650390625,28436.51953125,28149.8203125,28335.5703125,3473000
2020-10-26,28185.8203125,28185.8203125,27370.16015625,27685.380859375,4041500
2020-10-27,27651.1796875,27707.689453125,27457.9609375,27463.189453125,3664000
2020-10-28,27102.140625,27102.140625,26497.390625,26519.94921875,4961500
2020-10-29,26480.98046875,26891.890625,26290.779296875,26659.109375,4197700
2020-10-30,26572.26953125,26639.1796875,26143.76953125,26501.599609375,5048200
2020-11-02,26691.279296875,27043.48046875,26691.279296875,26925.05078125,3799900
2020-11-03,27138.689453125,27640.2109375,27138.689453125,27480.029296875,3509800
2020-11-04,27512.830078125,28301.5,27512.830078125,27847.66015625,4478600
2020-11-05,28083.369140625,28495.05078125,28083.369140625,28390.1796875,3901400
2020-11-06,28399.130859375,28431.9609375,28189.5,28323.400390625,3267100
2020-11-09,29467.900390625,29933.830078125,29130.66015625,29157.970703125,6733100
2020-11-10,29254.169921875,29478.859375,29126.990234375,29420.919921875,5269800
2020-11-11,29524.349609375,29593.109375,29281.220703125,29397.630859375,3767000
2020-11-12,29231.91015625,29311.830078125,28902.130859375,29080.169921875,3693200
2020-11-13,29203.900390625,29559.25,29203.900390625,29479.810546875,3488100
2020-11-16,29672.359375,29964.2890625,29672.359375,29950.439453125,4182900
2020-11-17,29800.150390625,29872.419921875,29520.2890625,29783.349609375,3723800
2020-11-18,29875.400390625,29930.849609375,29432.83984375,29438.419921875,3828500
2020-11-19,29370.919921875,29524.900390625,29228.380859375,29483.23046875,3313300
2020-11-20,29437.5703125,29469.890625,29231.19921875,29263.48046875,3053500
2020-11-23,29332.8203125,29667.75,29332.8203125,29591.26953125,3872000
2020-11-24,29746.109375,30116.509765625,29746.109375,30046.240234375,4327600
2020-11-25,30058.869140625,30058.869140625,29806.25,29872.470703125,3230300
2020-11-27,29911.330078125,30015.130859375,29819.98046875,29910.369140625,1770400
2020-11-30,29854.509765625,29854.509765625,29463.640625,29638.640625,5513500
2020-12-01,29797.5,30083.310546875,29797.5,29823.919921875,4295100
2020-12-02,29695.08984375,29902.509765625,29599.2890625,29883.7890625,3852800
2020-12-03,29920.830078125,30110.880859375,29877.26953125,29969.51953125,4056800
2020-12-04,29989.560546875,30218.259765625,29989.560546875,30218.259765625,3565900
2020-12-07,30233.029296875,30233.029296875,29967.220703125,30069.7890625,3658100
2020-12-08,29997.94921875,30246.220703125,29972.0703125,30173.880859375,3111900
2020-12-09,30229.810546875,30319.69921875,29951.849609375,30068.810546875,3805200
2020-12-10,30032.55078125,30063.869140625,29876.8203125,29999.259765625,3255500
2020-12-11,29988.2109375,30071.130859375,29820.83984375,30046.369140625,3938700
2020-12-14,30123.91015625,30325.7890625,29849.150390625,29861.55078125,3719800
2020-12-15,29919.08984375,30243.259765625,29894.94921875,30199.310546875,4177700
2020-12-16,30191.380859375,30236.029296875,30080.109375,30154.5390625,3445900
2020-12-17,30216.0,30323.779296875,30216.0,30303.369140625,3455300
2020-12-18,30314.259765625,30343.58984375,30029.439453125,30179.05078125,7820700
2020-12-21,30159.0,30304.140625,29755.529296875,30216.44921875,4374800
2020-12-22,30200.19921875,30200.19921875,29992.890625,30015.509765625,3888100
2020-12-23,30046.73046875,30292.529296875,30046.73046875,30129.830078125,2740500
2020-12-24,30155.919921875,30209.669921875,30099.30078125,30199.869140625,1455700
2020-12-28,30283.23046875,30525.560546875,30283.23046875,30403.970703125,3024900
2020-12-29,30492.0703125,30588.7890625,30274.240234375,30335.669921875,3576100
2020-12-30,30415.08984375,30525.349609375,30393.0390625,30409.560546875,2918900
2020-12-31,30417.640625,30637.470703125,30344.5,30606.48046875,2844700
2021-01-04,30627.470703125,30674.279296875,29881.8203125,30223.890625,4750800
2021-01-05,30204.25,30504.890625,30141.779296875,30391.599609375,3509100
2021-01-06,30362.779296875,31022.650390625,30313.0703125,30829.400390625,5004300
2021-01-07,30901.1796875,31193.400390625,30897.859375,31041.130859375,4278100
2021-01-08,31069.580078125,31140.669921875,30793.26953125,31097.970703125,3811500
2021-01-11,31015.369140625,31096.98046875,30832.060546875,31008.689453125,3565400
2021-01-12,31015.009765625,31114.560546875,30888.759765625,31068.689453125,3626200
2021-01-13,31084.880859375,31153.369140625,30992.05078125,31060.470703125,4132500
2021-01-14,31085.669921875,31223.779296875,30982.240234375,30991.51953125,4278100
2021-01-15,30926.76953125,30941.98046875,30612.669921875,30814.259765625,4330000
2021-01-19,30887.419921875,31086.619140625,30865.029296875,30930.51953125,3864000
2021-01-20,31017.5390625,31235.98046875,30997.7890625,31188.380859375,3849800
2021-01-21,31198.009765625,31272.220703125,31120.919921875,31176.009765625,4187800
2021-01-22,31141.560546875,31141.560546875,30908.470703125,30996.98046875,4360400
2021-01-25,30989.849609375,30989.849609375,30564.060546875,30960.0,4728900
2021-01-26,30968.55078125,31121.419921875,30921.7109375,30937.0390625,3731500
2021-01-27,30893.779296875,30893.779296875,30206.91015625,30303.169921875,5664700
2021-01-28,30377.189453125,30951.41015625,30377.189453125,30603.359375,4651400
2021-01-29,30553.91015625,30553.91015625,29856.30078125,29982.619140625,5363200
2021-02-01,30054.73046875,30335.91015625,30014.970703125,30211.91015625,3470600
2021-02-02,30276.880859375,30840.5390625,30276.880859375,30687.48046875,3331600
2021-02-03,30689.650390625,30793.41015625,30521.310546875,30723.599609375,3055900
2021-02-04,30737.779296875,31065.9609375,30737.779296875,31055.859375,3383300
2021-02-05,31093.810546875,31252.1796875,31083.220703125,31148.240234375,2935500
2021-02-08,31191.19921875,31386.099609375,31191.19921875,31385.759765625,3222500
2021-02-09,31359.880859375,31439.470703125,31245.859375,31375.830078125,3082100
2021-02-10,31428.01953125,31511.439453125,31221.3203125,31437.80078125,3264500
2021-02-11,31466.490234375,31543.8203125,31244.359375,31430.69921875,2803200
2021-02-12,31420.80078125,31475.310546875,31347.80078125,31458.400390625,2630900
2021-02-16,31472.080078125,31608.630859375,31443.48046875,31522.75,3292100
2021-02-17,31485.609375,31643.69921875,31338.759765625,31613.01953125,3435100
2021-02-18,31558.599609375,31558.599609375,31285.3203125,31493.33984375,3259900
2021-02-19,31504.130859375,31647.529296875,31469.33984375,31494.3203125,3530700
2021-02-22,31381.119140625,31653.48046875,31286.5703125,31521.689453125,3872100
2021-02-23,31501.890625,31653.380859375,31158.759765625,31537.349609375,4604100
2021-02-24,31499.75,32009.640625,31421.2890625,31961.859375,4101500
2021-02-25,31955.939453125,31984.76953125,31293.3203125,31402.009765625,4541100
2021-02-26,31401.2890625,31450.890625,30911.369140625,30932.369140625,5322500
2021-03-01,31065.900390625,31668.33984375,31065.900390625,31535.509765625,3856700
2021-03-02,31535.369140625,31623.26953125,31377.16015625,31391.51953125,3372700
2021-03-03,31352.9609375,31563.310546875,31260.140625,31270.08984375,4096600
2021-03-04,31289.009765625,31461.970703125,30547.529296875,30924.140625,5378500
2021-03-05,31029.1796875,31580.330078125,30766.810546875,31496.30078125,5018100
2021-03-08,31512.150390625,32148.0390625,31512.150390625,31802.439453125,4969800
2021-03-09,31892.349609375,32150.3203125,31822.640625,31832.740234375,4586900
2021-03-10,31906.9609375,32389.5,31906.9609375,32297.01953125,4091100
2021-03-11,32354.5,32661.58984375,32345.69921875,32485.58984375,4000200
2021-03-12,32462.400390625,32793.3203125,32462.400390625,32778.640625,3464000
2021-03-15,32798.83984375,32973.3984375,32629.75,32953.4609375,3600800
2021-03-16,32966.75,32966.75,32778.23046875,32825.94921875,3863700
2021-03-17,32825.51953125,33047.578125,32782.1796875,33015.37109375,3912000
2021-03-18,32928.16015625,33227.78125,32831.25,32862.30078125,4184800
2021-03-19,32858.359375,32858.359375,32505.0703125,32627.970703125,8118900
2021-03-22,32601.8203125,32810.3515625,32512.529296875,32731.19921875,3835000
2021-03-23,32691.5,32753.76953125,32356.279296875,32423.150390625,3858400
2021-03-24,32470.880859375,32787.98828125,32418.150390625,32420.060546875,3993900
2021-03-25,32346.810546875,32672.689453125,32071.41015625,32619.48046875,4119900
2021-03-26,32681.0703125,33098.828125,32681.0703125,33072.87890625,3821700
2021-03-29,33087.55078125,33259.0,32905.12890625,33171.37109375,3516100
2021-03-30,33127.87890625,33170.9296875,32988.921875,33066.9609375,3075100
2021-03-31,33116.0390625,33173.76953125,32980.5703125,32981.55078125,4141400
